,yyyy,mm,tmax,tmin,af_days,rain_mm,sun_hours
0,1853.0,1.0,8.4,2.7,4.0,62.8,97.58
1,1853.0,2.0,3.2,-1.8,19.0,29.3,84.47999999999999
2,1853.0,3.0,7.7,-0.6,20.0,25.9,82.6
3,1853.0,4.0,12.6,4.5,0.0,60.1,97.58
4,1853.0,5.0,16.8,6.1,0.0,59.5,129.1
5,1853.0,6.0,20.1,10.7,0.0,82.0,135.61999999999998
6,1853.0,7.0,21.2,12.2,0.0,86.2,137.14000000000001
7,1853.0,8.0,20.2,10.8,0.0,72.3,122.23999999999998
8,1853.0,9.0,17.3,8.4,0.0,51.3,161.68
9,1853.0,10.0,13.9,7.4,0.0,102.3,106.7
10,1853.0,11.0,8.7,2.3,10.0,49.6,132.14000000000001
11,1853.0,12.0,3.7,-1.3,19.0,10.7,98.22
12,1854.0,1.0,6.7,1.5,11.0,54.5,117.32000000000001
13,1854.0,2.0,8.0,0.6,12.0,22.6,82.6
14,1854.0,3.0,11.2,2.2,8.0,10.6,142.88
15,1854.0,4.0,15.0,3.5,2.0,19.9,196.68
16,1854.0,5.0,16.2,5.7,1.0,82.1,113.85999999999999
17,1854.0,6.0,18.6,9.7,0.0,45.2,189.45999999999998
18,1854.0,7.0,21.7,11.6,0.0,37.2,198.38000000000002
19,1854.0,8.0,20.9,10.7,0.0,45.4,189.46
20,1854.0,9.0,20.2,8.4,0.0,11.4,207.56000000000003
21,1854.0,10.0,13.9,5.6,2.0,57.7,129.1
22,1854.0,11.0,8.2,2.0,5.0,32.4,163.82
23,1854.0,12.0,8.3,2.1,8.0,30.7,163.82
24,1855.0,1.0,4.4,-0.4,18.0,6.9,101.03999999999999
25,1855.0,2.0,1.7,-4.5,20.0,33.7,84.47999999999999
26,1855.0,3.0,7.7,0.1,15.0,56.0,117.31999999999998
27,1855.0,4.0,13.0,2.7,9.0,10.6,142.88000000000002
28,1855.0,5.0,15.0,4.9,3.0,45.1,168.35999999999999
29,1855.0,6.0,19.4,9.3,0.0,60.0,129.1
30,1855.0,7.0,22.8,13.4,0.0,129.3,98.7
31,1855.0,8.0,21.7,12.2,0.0,42.6,197.82000000000002
32,1855.0,9.0,19.0,10.4,0.0,59.7,129.1
33,1855.0,10.0,14.0,8.2,0.0,143.1,78.02
34,1855.0,11.0,7.9,3.4,4.0,25.2,177.14000000000001
35,1855.0,12.0,5.7,-0.1,13.0,28.1,119.92
36,1856.0,1.0,6.8,2.0,10.0,74.7,85.2
37,1856.0,2.0,8.2,3.0,8.0,33.4,149.88000000000002
38,1856.0,3.0,7.9,0.6,11.0,23.9,119.92
39,1856.0,4.0,12.9,4.1,2.0,64.9,97.58000000000001
40,1856.0,5.0,14.0,5.7,2.0,110.1,81.39999999999999
41,1856.0,6.0,20.2,9.5,0.0,64.8,129.1
42,1856.0,7.0,22.2,11.3,0.0,15.8,207.56
43,1856.0,8.0,22.7,12.5,0.0,81.8,135.61999999999998
44,1856.0,9.0,16.8,8.5,0.0,80.3,113.85999999999999
45,1856.0,10.0,13.9,6.9,1.0,60.3,129.1
46,1856.0,11.0,8.1,2.3,8.0,24.2,148.82000000000002
47,1856.0,12.0,7.3,1.4,12.0,52.0,117.32000000000001
48,1857.0,1.0,5.1,-0.6,17.0,80.7,74.03999999999999
49,1857.0,2.0,7.6,0.4,11.0,8.2,101.03999999999999
50,1857.0,3.0,9.1,1.8,10.0,39.2,120.56000000000002
51,1857.0,4.0,11.9,3.7,3.0,51.3,132.14000000000001
52,1857.0,5.0,16.5,6.3,4.0,30.3,198.38000000000002
53,1857.0,6.0,22.0,10.6,0.0,77.0,133.90000000000003
54,1857.0,7.0,22.0,12.7,0.0,80.5,135.61999999999998
55,1857.0,8.0,22.8,13.2,0.0,93.5,137.14000000000001
56,1857.0,9.0,19.0,11.2,0.0,99.0,106.7
57,1857.0,10.0,14.6,7.8,0.0,116.3,97.85999999999999
58,1857.0,11.0,10.2,4.5,2.0,42.6,164.16
59,1857.0,12.0,9.6,4.5,3.0,16.8,188.24
60,1858.0,1.0,6.4,-0.1,20.0,17.3,91.7
61,1858.0,2.0,4.7,-1.2,18.0,45.0,86.78
62,1858.0,3.0,9.4,1.1,12.0,20.4,108.83999999999999
63,1858.0,4.0,13.1,4.0,2.0,90.1,122.51999999999998
64,1858.0,5.0,15.9,6.2,0.0,59.5,129.1
65,1858.0,6.0,23.6,11.9,0.0,40.4,210.94
66,1858.0,7.0,20.8,10.6,0.0,58.3,132.06
67,1858.0,8.0,21.4,11.3,0.0,36.4,198.38000000000002
68,1858.0,9.0,19.5,11.2,0.0,63.4,129.1
69,1858.0,10.0,13.4,6.9,0.0,50.4,161.68
70,1858.0,11.0,7.4,0.8,12.0,17.9,100.4
71,1858.0,12.0,7.2,2.4,2.0,54.5,136.2
72,1859.0,1.0,7.5,1.8,9.0,20.8,108.83999999999999
73,1859.0,2.0,9.4,2.7,5.0,43.1,133.86
74,1859.0,3.0,11.2,4.7,4.0,38.2,165.7
75,1859.0,4.0,12.3,3.5,8.0,63.9,83.78
76,1859.0,5.0,16.6,6.7,0.0,47.3,161.68
77,1859.0,6.0,20.7,11.1,0.0,57.4,132.06
78,1859.0,7.0,25.1,13.7,0.0,71.2,130.72
79,1859.0,8.0,21.8,12.5,0.0,97.2,137.14000000000001
80,1859.0,9.0,17.4,9.4,0.0,89.8,137.14000000000001
81,1859.0,10.0,13.7,6.6,6.0,76.3,90.0
82,1859.0,11.0,8.5,1.5,8.0,52.8,132.14000000000001
83,1859.0,12.0,5.0,-1.1,14.0,46.6,86.78
84,1860.0,1.0,6.8,0.8,12.0,82.8,67.66
85,1860.0,2.0,5.2,-1.6,20.0,32.6,84.47999999999999
86,1860.0,3.0,8.4,1.9,8.0,48.4,112.58
87,1860.0,4.0,10.6,1.7,5.0,14.8,151.24
88,1860.0,5.0,17.0,7.7,0.0,70.9,115.35999999999999
89,1860.0,6.0,17.0,9.5,0.0,129.8,76.02000000000001
90,1860.0,7.0,19.3,10.3,0.0,60.8,129.1
91,1860.0,8.0,17.9,10.9,0.0,96.7,114.8
92,1860.0,9.0,15.6,7.0,0.0,64.0,97.58
93,1860.0,10.0,13.4,7.3,1.0,39.9,185.82
94,1860.0,11.0,7.4,2.1,2.0,82.1,67.66
95,1860.0,12.0,4.4,3.5799999999999996,6.0,66.6,75.34
96,1861.0,1.0,3.8,-0.7,16.0,16.8,91.69999999999999
97,1861.0,2.0,7.9,3.1,4.0,48.0,132.14000000000001
98,1861.0,3.0,10.1,3.4,1.0,43.1,155.85999999999999
99,1861.0,4.0,11.8,3.0,5.0,17.7,165.3
100,1861.0,5.0,16.1,6.5,1.0,34.9,198.38000000000002
101,1861.0,6.0,20.0,11.2,0.0,79.9,133.9
102,1861.0,7.0,19.7,12.0,0.0,130.8,76.02
103,1861.0,8.0,21.6,12.7,0.0,15.1,207.56000000000003
104,1861.0,9.0,17.9,9.9,0.0,49.6,161.68
105,1861.0,10.0,16.2,9.5,0.0,40.8,179.01999999999998
106,1861.0,11.0,8.4,1.6,10.0,78.4,90.0
107,1861.0,12.0,7.0,1.5,12.0,41.9,86.78
108,1862.0,1.0,6.6,2.2,8.0,62.2,83.78
109,1862.0,2.0,7.3,3.4,4.0,7.3,129.28000000000003
110,1862.0,3.0,9.4,3.9,4.0,138.9,78.02000000000001
111,1862.0,4.0,12.9,6.2,4.0,57.6,117.23999999999998
112,1862.0,5.0,17.6,9.2,0.0,95.5,114.8
113,1862.0,6.0,18.1,9.6,0.0,56.8,132.06
114,1862.0,7.0,19.9,10.6,0.0,44.8,189.46
115,1862.0,8.0,20.0,10.5,0.0,44.7,189.46
116,1862.0,9.0,18.2,9.9,0.0,55.1,151.2
117,1862.0,10.0,14.5,7.6,1.0,73.1,101.32
118,1862.0,11.0,6.7,0.4,14.0,25.3,119.92
119,1862.0,12.0,9.2,3.8,0.0,36.0,185.82
120,1863.0,1.0,7.7,2.5,2.0,82.1,90.0
121,1863.0,2.0,9.1,2.7,7.0,17.1,142.14000000000001
122,1863.0,3.0,10.8,1.9,9.0,17.3,142.14000000000001
123,1863.0,4.0,14.2,4.7,2.0,35.5,185.82000000000002
124,1863.0,5.0,16.4,6.0,0.0,23.2,196.68
125,1863.0,6.0,19.3,9.6,0.0,86.6,137.14000000000001
126,1863.0,7.0,21.8,9.5,0.0,17.0,207.56
127,1863.0,8.0,21.2,11.9,0.0,67.1,132.04000000000002
128,1863.0,9.0,15.8,7.6,0.0,70.3,115.11999999999998
129,1863.0,10.0,14.1,7.0,2.0,75.5,101.32000000000001
130,1863.0,11.0,10.3,4.6,6.0,51.1,132.14000000000001
131,1863.0,12.0,9.1,3.3,6.0,27.7,163.82
132,1864.0,1.0,4.8,-0.2,13.0,25.0,82.6
133,1864.0,2.0,5.5,0.0,16.0,36.9,86.78
134,1864.0,3.0,9.6,1.4,8.0,62.7,83.78
135,1864.0,4.0,14.2,4.3,0.0,41.4,164.16
136,1864.0,5.0,18.2,7.9,0.0,54.8,151.2
137,1864.0,6.0,19.8,9.8,0.0,25.6,211.68
138,1864.0,7.0,22.8,10.3,0.0,12.0,207.56000000000003
139,1864.0,8.0,21.0,8.8,0.0,19.8,211.68
140,1864.0,9.0,18.3,9.4,0.0,74.9,122.23999999999998
141,1864.0,10.0,13.6,6.8,0.0,39.8,185.82
142,1864.0,11.0,8.9,2.0,8.0,59.4,92.26
143,1864.0,12.0,5.6,1.3,13.0,9.5,109.96
144,1865.0,1.0,4.7,-0.9,14.0,78.1,74.03999999999999
145,1865.0,2.0,5.0,0.2,13.0,52.9,117.31999999999998
146,1865.0,3.0,6.0,-0.2,13.0,24.9,82.6
147,1865.0,4.0,17.2,5.4,3.0,23.3,196.68
148,1865.0,5.0,18.4,8.1,0.0,55.8,132.06
149,1865.0,6.0,21.9,10.8,0.0,89.1,137.14000000000001
150,1865.0,7.0,22.3,12.5,0.0,71.1,130.71999999999997
151,1865.0,8.0,20.0,10.8,0.0,79.0,133.9
152,1865.0,9.0,22.3,10.9,0.0,4.7,199.24
153,1865.0,10.0,14.6,6.1,0.0,137.7,78.02000000000001
154,1865.0,11.0,10.3,4.0,6.0,65.7,83.78
155,1865.0,12.0,8.4,3.4,4.0,49.8,132.14000000000001
156,1866.0,1.0,8.6,3.4,5.0,73.1,85.2
157,1866.0,2.0,7.9,1.3,11.0,73.2,85.2
158,1866.0,3.0,8.4,1.8,9.0,42.7,86.78
159,1866.0,4.0,13.6,4.7,3.0,52.2,132.14000000000001
160,1866.0,5.0,15.7,4.8,2.0,42.6,170.66
161,1866.0,6.0,21.9,11.1,0.0,81.7,135.61999999999998
162,1866.0,7.0,21.7,11.2,0.0,50.4,151.2
163,1866.0,8.0,19.8,11.3,0.0,75.1,122.24000000000001
164,1866.0,9.0,17.0,10.3,0.0,145.4,78.02000000000001
165,1866.0,10.0,14.2,8.0,0.0,53.4,151.2
166,1866.0,11.0,10.7,3.7,7.0,38.8,165.7
167,1866.0,12.0,9.2,3.3,7.0,51.6,132.14000000000001
168,1867.0,1.0,4.6,-1.1,18.0,65.8,83.56
169,1867.0,2.0,10.1,4.4,1.0,39.3,165.7
170,1867.0,3.0,6.0,0.5,16.0,73.4,85.2
171,1867.0,4.0,14.0,6.6,0.0,66.1,97.58000000000001
172,1867.0,5.0,16.8,6.8,3.0,63.9,97.58
173,1867.0,6.0,20.0,9.6,0.0,49.1,161.68
174,1867.0,7.0,20.3,10.5,0.0,99.7,106.7
175,1867.0,8.0,21.5,11.8,0.0,60.8,129.1
176,1867.0,9.0,18.4,9.6,0.0,41.6,185.26
177,1867.0,10.0,13.5,6.3,1.0,72.5,101.32000000000001
178,1867.0,11.0,8.4,1.6,10.0,24.4,149.88000000000002
179,1867.0,12.0,6.2,0.1,18.0,35.7,80.08
180,1868.0,1.0,5.9,1.7,11.0,87.2,67.82000000000001
181,1868.0,2.0,9.8,3.3,5.0,42.3,133.86
182,1868.0,3.0,11.1,2.9,6.0,38.7,165.7
183,1868.0,4.0,14.1,4.6,5.0,39.7,165.7
184,1868.0,5.0,20.4,7.8,0.0,14.9,207.56
185,1868.0,6.0,23.6,9.4,0.0,23.6,211.68
186,1868.0,7.0,25.8,12.7,0.0,47.5,180.92000000000002
187,1868.0,8.0,22.1,12.5,0.0,85.8,137.14000000000001
188,1868.0,9.0,19.7,9.4,0.0,101.3,106.7
189,1868.0,10.0,12.7,5.0,3.0,57.0,129.1
190,1868.0,11.0,7.9,2.6,7.0,30.7,129.45999999999998
191,1868.0,12.0,10.4,5.2,2.0,105.3,95.1
192,1869.0,1.0,8.2,3.0,5.0,96.3,101.44
193,1869.0,2.0,10.5,5.1,1.0,55.2,129.44
194,1869.0,3.0,7.1,1.1,10.0,33.1,120.56000000000002
195,1869.0,4.0,16.0,6.0,0.0,29.8,198.38000000000002
196,1869.0,5.0,15.5,6.5,0.0,75.9,115.35999999999999
197,1869.0,6.0,18.9,8.8,0.0,36.2,198.37999999999997
198,1869.0,7.0,24.1,12.4,0.0,27.0,211.68
199,1869.0,8.0,21.5,10.7,0.0,33.6,192.14
200,1869.0,9.0,19.0,11.3,0.0,112.1,96.02000000000001
201,1869.0,10.0,13.9,6.1,4.0,28.1,177.14000000000001
202,1869.0,11.0,10.0,3.2,8.0,61.3,92.26
203,1869.0,12.0,5.6,1.0,9.0,87.5,74.35999999999999
204,1870.0,1.0,5.9,1.3,10.0,30.2,120.56000000000002
205,1870.0,2.0,5.1,0.8,13.0,48.7,103.16
206,1870.0,3.0,8.3,1.5,13.0,42.6,86.78
207,1870.0,4.0,15.6,3.7,4.0,13.5,207.56000000000003
208,1870.0,5.0,18.0,6.3,2.0,26.3,198.38000000000002
209,1870.0,6.0,22.3,11.2,0.0,17.3,207.56
210,1870.0,7.0,24.9,13.0,0.0,22.6,211.67999999999998
211,1870.0,8.0,21.4,10.6,0.0,59.8,132.06
212,1870.0,9.0,18.3,8.2,0.0,33.8,198.38000000000002
213,1870.0,10.0,14.1,6.7,0.0,74.6,101.32
214,1870.0,11.0,8.3,2.1,10.0,29.6,115.52000000000001
215,1870.0,12.0,3.2,-2.3,19.0,50.9,91.52
216,1871.0,1.0,2.7,-1.2,20.0,28.2,84.47999999999999
217,1871.0,2.0,9.0,3.8,4.0,25.1,176.38000000000002
218,1871.0,3.0,11.9,3.2,4.0,24.3,176.38000000000002
219,1871.0,4.0,13.8,5.3,4.0,67.1,109.14000000000001
220,1871.0,5.0,17.0,5.8,0.0,11.0,207.56
221,1871.0,6.0,17.5,9.0,0.0,81.3,133.9
222,1871.0,7.0,21.1,11.9,0.0,96.3,127.78
223,1871.0,8.0,23.8,12.0,0.0,13.0,207.56000000000003
224,1871.0,9.0,17.9,9.6,0.0,118.8,115.47999999999999
225,1871.0,10.0,14.1,6.0,2.0,30.4,177.14000000000001
226,1871.0,11.0,6.4,0.2,14.0,18.4,74.16
227,1871.0,12.0,6.0,0.9,12.0,27.4,115.52000000000001
228,1872.0,1.0,7.9,2.6,5.0,103.7,106.7
229,1872.0,2.0,10.1,4.7,0.0,38.6,165.7
230,1872.0,3.0,11.2,3.6,8.0,49.1,132.14000000000001
231,1872.0,4.0,13.9,4.5,2.0,48.0,161.68
232,1872.0,5.0,15.2,5.9,1.0,65.2,97.58
233,1872.0,6.0,20.4,10.2,0.0,74.1,122.23999999999998
234,1872.0,7.0,23.7,12.9,0.0,75.9,133.9
235,1872.0,8.0,21.0,11.3,0.0,30.1,192.14000000000001
236,1872.0,9.0,18.3,10.0,0.0,25.5,211.68
237,1872.0,10.0,12.6,5.2,1.0,74.4,90.0
238,1872.0,11.0,10.1,4.6,1.0,80.8,90.0
239,1872.0,12.0,7.9,3.5,6.0,96.9,96.8
240,1873.0,1.0,7.8,3.2,9.0,56.3,98.35999999999999
241,1873.0,2.0,4.2,-0.1,13.0,40.9,86.78
242,1873.0,3.0,9.7,2.2,3.0,60.1,97.92
243,1873.0,4.0,12.8,3.9,3.0,12.2,183.16
244,1873.0,5.0,16.1,5.4,1.0,59.3,129.1
245,1873.0,6.0,20.0,10.3,0.0,70.7,115.11999999999998
246,1873.0,7.0,22.6,11.8,0.0,57.3,132.06
247,1873.0,8.0,21.6,12.6,0.0,66.8,132.04
248,1873.0,9.0,16.9,7.8,0.0,45.9,161.68
249,1873.0,10.0,12.9,4.7,6.0,68.6,84.96
250,1873.0,11.0,9.6,3.8,4.0,43.7,113.34
251,1873.0,12.0,7.3,2.1,10.0,12.3,93.1
252,1874.0,1.0,8.6,3.0,6.0,58.8,97.92
253,1874.0,2.0,7.1,1.0,12.0,43.2,86.78
254,1874.0,3.0,11.0,3.1,8.0,15.8,133.7
255,1874.0,4.0,15.7,5.4,1.0,32.5,198.37999999999997
256,1874.0,5.0,15.7,6.0,1.0,39.7,185.82
257,1874.0,6.0,20.4,9.0,0.0,17.6,207.56
258,1874.0,7.0,25.3,11.8,0.0,12.8,207.56000000000003
259,1874.0,8.0,21.2,11.2,0.0,45.9,161.68
260,1874.0,9.0,18.6,10.4,0.0,85.7,137.14000000000001
261,1874.0,10.0,14.7,7.8,0.0,80.0,113.85999999999999
262,1874.0,11.0,8.7,2.5,9.0,64.6,83.78
263,1874.0,12.0,3.5,-2.3,22.0,46.8,91.02000000000001
264,1875.0,1.0,9.3,4.9,2.0,90.4,114.8
265,1875.0,2.0,4.5,-0.4,20.0,37.3,86.78
266,1875.0,3.0,8.6,2.4,9.0,28.5,149.87999999999997
267,1875.0,4.0,13.4,3.5,3.0,37.6,165.7
268,1875.0,5.0,18.3,7.8,0.0,45.1,161.68
269,1875.0,6.0,20.6,10.5,0.0,75.8,122.24000000000001
270,1875.0,7.0,19.9,11.1,0.0,119.2,115.47999999999999
271,1875.0,8.0,21.9,12.8,0.0,45.9,180.92000000000002
272,1875.0,9.0,20.1,11.4,0.0,51.9,151.2
273,1875.0,10.0,12.6,6.4,0.0,192.9,84.84
274,1875.0,11.0,8.4,3.6,5.0,97.2,96.8
275,1875.0,12.0,6.2,2.4,9.0,22.5,127.26000000000002
276,1876.0,1.0,5.5,0.6,14.0,43.9,86.78
277,1876.0,2.0,8.1,3.0,5.0,72.8,85.2
278,1876.0,3.0,8.6,1.9,8.0,87.4,70.6
279,1876.0,4.0,13.0,4.8,2.0,73.3,115.35999999999999
280,1876.0,5.0,15.4,4.7,1.0,20.4,196.68
281,1876.0,6.0,20.8,10.0,0.0,52.8,151.2
282,1876.0,7.0,24.5,13.1,0.0,21.8,211.67999999999998
283,1876.0,8.0,23.8,11.9,0.0,68.3,140.8
284,1876.0,9.0,17.4,9.8,0.0,148.6,78.02000000000001
285,1876.0,10.0,14.8,8.8,0.0,25.9,192.14000000000001
286,1876.0,11.0,9.7,4.1,5.0,83.2,95.44000000000001
287,1876.0,12.0,8.8,4.9,4.0,130.2,76.02000000000001
288,1877.0,1.0,9.3,3.2,3.0,118.5,98.69999999999999
289,1877.0,2.0,9.4,4.0,3.0,39.9,136.16
290,1877.0,3.0,9.0,2.2,9.0,50.5,117.32000000000001
291,1877.0,4.0,12.1,4.3,0.0,55.0,129.44
292,1877.0,5.0,14.5,5.5,4.0,58.4,129.44
293,1877.0,6.0,22.2,10.5,0.0,25.5,211.68
294,1877.0,7.0,21.1,11.1,0.0,85.4,135.62
295,1877.0,8.0,20.5,11.9,0.0,87.3,137.14000000000001
296,1877.0,9.0,15.9,7.6,0.0,63.5,129.1
297,1877.0,10.0,13.7,5.2,2.0,43.1,170.66
298,1877.0,11.0,10.8,4.3,0.0,98.2,106.7
299,1877.0,12.0,7.8,2.3,7.0,44.6,108.38
300,1878.0,1.0,7.5,2.6,8.0,44.3,98.41999999999999
301,1878.0,2.0,8.8,4.2,4.0,34.2,163.82
302,1878.0,3.0,9.5,2.2,9.0,19.5,122.02000000000001
303,1878.0,4.0,14.1,5.5,3.0,58.4,129.44
304,1878.0,5.0,17.7,8.4,0.0,126.7,98.7
305,1878.0,6.0,21.1,11.1,0.0,49.0,161.68
306,1878.0,7.0,22.2,12.6,0.0,29.1,211.67999999999998
307,1878.0,8.0,21.7,13.1,0.0,130.7,91.22
308,1878.0,9.0,18.1,9.4,0.0,34.4,192.14000000000001
309,1878.0,10.0,14.1,7.4,0.0,54.1,129.44
310,1878.0,11.0,6.6,2.6,5.0,58.1,97.91999999999999
311,1878.0,12.0,3.1,-2.0,20.0,38.6,80.08
312,1879.0,1.0,1.6,-2.8,27.0,76.5,65.11999999999999
313,1879.0,2.0,6.0,1.1,9.0,84.6,67.66
314,1879.0,3.0,8.6,1.1,10.0,22.3,122.02000000000001
315,1879.0,4.0,9.5,2.4,7.0,62.1,101.3
316,1879.0,5.0,12.9,5.2,3.0,57.6,129.44
317,1879.0,6.0,17.0,10.2,0.0,110.7,96.02000000000001
318,1879.0,7.0,17.5,11.4,0.0,86.8,137.14000000000001
319,1879.0,8.0,18.7,11.8,0.0,128.7,91.22
320,1879.0,9.0,16.6,9.5,0.0,73.6,122.23999999999998
321,1879.0,10.0,12.2,6.0,0.0,18.6,188.24
322,1879.0,11.0,6.7,0.9,13.0,17.4,74.16
323,1879.0,12.0,3.7,-3.2,24.0,18.7,91.69999999999999
324,1880.0,1.0,3.0,-2.5,22.0,11.1,98.22
325,1880.0,2.0,9.0,2.4,5.0,60.9,97.91999999999999
326,1880.0,3.0,11.7,2.5,7.0,35.3,165.7
327,1880.0,4.0,12.2,4.7,1.0,48.7,132.14000000000001
328,1880.0,5.0,15.9,6.4,0.0,21.1,196.68
329,1880.0,6.0,17.9,10.0,0.0,87.6,137.14000000000001
330,1880.0,7.0,19.7,12.2,0.0,155.1,78.02000000000001
331,1880.0,8.0,20.5,13.2,0.0,12.7,207.56
332,1880.0,9.0,19.8,11.5,0.0,88.6,137.14000000000001
333,1880.0,10.0,12.2,4.9,3.0,133.5,76.02
334,1880.0,11.0,9.8,3.1,9.0,47.8,132.14000000000001
335,1880.0,12.0,9.3,3.6,5.0,75.7,90.0
336,1881.0,1.0,1.8,-4.0,20.0,31.9,84.47999999999999
337,1881.0,2.0,6.3,1.5,10.0,70.2,85.2
338,1881.0,3.0,10.3,2.1,11.0,37.7,120.55999999999999
339,1881.0,4.0,12.9,3.1,7.0,19.9,165.3
340,1881.0,5.0,17.7,6.9,1.0,31.9,198.38000000000002
341,1881.0,6.0,19.2,10.3,0.0,48.0,161.68
342,1881.0,7.0,22.7,12.5,0.0,63.7,147.32
343,1881.0,8.0,19.2,10.8,0.0,118.2,115.47999999999999
344,1881.0,9.0,17.6,9.5,0.0,35.5,192.14000000000001
345,1881.0,10.0,11.9,4.2,5.0,42.8,158.16
346,1881.0,11.0,12.5,6.9,0.0,82.0,95.44
347,1881.0,12.0,7.1,2.1,7.0,75.5,85.2
348,1882.0,1.0,7.7,2.8,6.0,28.4,149.87999999999997
349,1882.0,2.0,9.2,3.5,3.0,38.8,136.16
350,1882.0,3.0,12.6,4.0,3.0,28.2,176.38000000000002
351,1882.0,4.0,13.7,5.1,1.0,99.7,106.7
352,1882.0,5.0,17.4,7.3,0.0,47.0,161.68
353,1882.0,6.0,17.5,9.7,0.0,83.8,135.61999999999998
354,1882.0,7.0,20.0,11.9,0.0,82.2,135.61999999999998
355,1882.0,8.0,19.9,11.5,0.0,33.8,192.14000000000001
356,1882.0,9.0,17.3,8.3,0.0,51.4,151.2
357,1882.0,10.0,13.6,7.2,1.0,147.9,78.02000000000001
358,1882.0,11.0,9.6,3.5,3.0,84.8,95.44000000000001
359,1882.0,12.0,7.2,2.5,9.0,80.3,67.66
360,1883.0,1.0,8.2,3.3,3.0,57.8,97.92
361,1883.0,2.0,9.9,4.0,0.0,95.1,106.7
362,1883.0,3.0,7.2,-1.2,22.0,24.0,82.6
363,1883.0,4.0,14.0,4.5,3.0,25.7,177.14000000000001
364,1883.0,5.0,16.2,7.1,1.0,47.9,161.68
365,1883.0,6.0,19.6,10.1,0.0,91.7,137.14000000000001
366,1883.0,7.0,18.8,11.2,0.0,87.9,137.14000000000001
367,1883.0,8.0,21.0,11.8,0.0,18.7,211.67999999999998
368,1883.0,9.0,17.5,10.4,0.0,98.4,106.7
369,1883.0,10.0,13.8,7.4,0.0,48.2,161.68
370,1883.0,11.0,10.3,3.3,4.0,79.4,90.0
371,1883.0,12.0,7.3,2.7,5.0,11.4,93.1
372,1884.0,1.0,9.5,5.1,0.0,55.7,129.44
373,1884.0,2.0,8.9,3.1,4.0,32.2,163.82
374,1884.0,3.0,10.9,3.0,4.0,39.3,136.16
375,1884.0,4.0,11.7,3.1,6.0,40.2,136.16
376,1884.0,5.0,17.6,6.6,0.0,19.4,190.44
377,1884.0,6.0,19.5,9.9,0.0,54.6,132.06
378,1884.0,7.0,21.5,12.4,0.0,57.5,132.06
379,1884.0,8.0,23.9,12.0,0.0,38.7,192.14000000000001
380,1884.0,9.0,19.7,10.9,0.0,31.2,192.14000000000001
381,1884.0,10.0,13.7,6.1,0.0,19.4,188.24
382,1884.0,11.0,8.8,2.6,10.0,41.4,100.72
383,1884.0,12.0,7.3,2.9,4.0,51.3,132.14000000000001
384,1885.0,1.0,5.0,0.9,14.0,49.4,103.16
385,1885.0,2.0,9.8,3.8,4.0,73.3,85.2
386,1885.0,3.0,9.4,1.2,10.0,29.8,120.55999999999999
387,1885.0,4.0,13.0,3.6,4.0,45.0,134.57999999999998
388,1885.0,5.0,13.7,5.3,0.0,53.5,129.44
389,1885.0,6.0,19.8,9.8,0.0,39.9,179.01999999999998
390,1885.0,7.0,22.7,11.9,0.0,3.1,199.24
391,1885.0,8.0,18.9,9.9,0.0,41.7,185.26
392,1885.0,9.0,17.1,8.6,0.0,111.9,97.86
393,1885.0,10.0,11.2,4.8,0.0,98.4,106.7
394,1885.0,11.0,8.4,4.0,5.0,91.0,74.35999999999999
395,1885.0,12.0,6.4,1.3,11.0,24.8,115.52000000000001
396,1886.0,1.0,4.6,-0.5,15.0,97.6,71.38000000000001
397,1886.0,2.0,3.3,-1.1,20.0,19.9,91.7
398,1886.0,3.0,7.8,1.5,17.0,41.8,86.78
399,1886.0,4.0,12.9,3.8,4.0,59.0,129.44
400,1886.0,5.0,15.7,7.0,0.0,122.3,98.69999999999999
401,1886.0,6.0,18.6,9.5,0.0,33.6,192.14000000000001
402,1886.0,7.0,21.8,12.0,0.0,93.5,140.88
403,1886.0,8.0,21.2,12.0,0.0,39.7,191.58
404,1886.0,9.0,19.0,10.3,0.0,49.7,151.2
405,1886.0,10.0,15.1,8.7,0.0,88.1,117.88
406,1886.0,11.0,9.5,3.8,5.0,64.3,75.34
407,1886.0,12.0,5.5,-0.3,13.0,120.8,83.08
408,1887.0,1.0,4.7,-0.5,15.0,65.3,83.9
409,1887.0,2.0,7.5,0.5,17.0,15.2,98.22
410,1887.0,3.0,7.3,-0.1,13.0,45.7,86.78
411,1887.0,4.0,11.6,1.9,5.0,29.1,163.82
412,1887.0,5.0,14.4,6.1,0.0,49.9,161.68
413,1887.0,6.0,21.6,10.2,0.0,32.8,192.14000000000001
414,1887.0,7.0,24.0,12.4,0.0,18.0,207.56
415,1887.0,8.0,22.2,10.5,0.0,40.5,191.57999999999998
416,1887.0,9.0,16.3,8.1,0.0,61.2,129.1
417,1887.0,10.0,11.5,3.5,6.0,53.7,121.66
418,1887.0,11.0,7.8,2.2,8.0,46.0,112.58
419,1887.0,12.0,5.7,0.3,17.0,35.3,80.08
420,1888.0,1.0,5.6,0.7,17.0,19.8,82.6
421,1888.0,2.0,4.1,-0.7,20.0,71.7,81.86
422,1888.0,3.0,6.9,0.9,15.0,77.6,74.03999999999999
423,1888.0,4.0,10.4,3.0,8.0,39.5,126.2
424,1888.0,5.0,16.3,6.3,0.0,39.4,185.82
425,1888.0,6.0,18.3,9.6,0.0,77.0,130.96
426,1888.0,7.0,18.0,10.9,0.0,119.6,115.47999999999999
427,1888.0,8.0,19.0,10.5,0.0,47.6,161.68
428,1888.0,9.0,17.6,8.8,0.0,33.0,192.14000000000001
429,1888.0,10.0,13.0,3.7,9.0,19.5,156.85999999999999
430,1888.0,11.0,10.5,6.0,0.0,114.8,115.48000000000002
431,1888.0,12.0,7.6,2.5,11.0,56.8,114.62
432,1889.0,1.0,5.1,-0.1,14.0,16.1,98.22
433,1889.0,2.0,5.8,-0.4,17.0,47.7,91.52
434,1889.0,3.0,9.0,1.4,12.0,50.4,117.31999999999998
435,1889.0,4.0,10.9,3.8,1.0,79.0,90.0
436,1889.0,5.0,17.3,8.9,0.0,87.4,137.14000000000001
437,1889.0,6.0,20.6,10.9,0.0,50.5,168.2
438,1889.0,7.0,20.0,11.3,0.0,72.4,130.71999999999997
439,1889.0,8.0,19.6,10.8,0.0,60.7,132.06
440,1889.0,9.0,17.5,9.1,0.0,45.2,161.68
441,1889.0,10.0,12.8,5.4,1.0,62.5,109.78
442,1889.0,11.0,9.5,4.3,4.0,26.5,149.58
443,1889.0,12.0,5.6,0.1,16.0,30.1,80.08
444,1890.0,1.0,8.7,3.3,3.0,51.0,132.14000000000001
445,1890.0,2.0,6.3,0.3,12.0,18.7,74.16
446,1890.0,3.0,10.1,2.6,5.0,21.9,151.98000000000002
447,1890.0,4.0,11.9,3.0,6.0,25.8,176.38000000000002
448,1890.0,5.0,17.0,6.6,0.0,45.2,161.68
449,1890.0,6.0,19.0,9.7,0.0,44.6,161.68
450,1890.0,7.0,19.3,11.2,0.0,77.2,130.95999999999998
451,1890.0,8.0,19.4,10.8,0.0,62.7,132.06
452,1890.0,9.0,20.2,9.9,0.0,26.3,211.68
453,1890.0,10.0,14.0,5.7,1.0,33.6,185.82
454,1890.0,11.0,9.2,3.0,7.0,47.1,132.14000000000001
455,1890.0,12.0,0.2,-4.0,25.0,13.3,81.55999999999999
456,1891.0,1.0,4.3,-1.9,20.0,39.4,86.28
457,1891.0,2.0,8.9,-0.2,13.0,2.5,101.03999999999999
458,1891.0,3.0,7.9,0.9,13.0,35.4,86.78
459,1891.0,4.0,11.2,2.2,5.0,24.0,176.38000000000002
460,1891.0,5.0,14.1,5.6,2.0,65.8,97.58000000000001
461,1891.0,6.0,19.9,10.4,0.0,36.3,192.14000000000001
462,1891.0,7.0,19.3,10.7,0.0,62.3,132.06
463,1891.0,8.0,18.0,10.9,0.0,119.7,115.47999999999999
464,1891.0,9.0,18.6,9.8,0.0,36.8,192.14000000000001
465,1891.0,10.0,13.2,6.6,1.0,150.1,78.02000000000001
466,1891.0,11.0,8.4,3.2,3.0,62.6,97.58
467,1891.0,12.0,7.3,1.6,9.0,86.1,79.32000000000001
468,1892.0,1.0,4.8,-0.3,18.0,12.0,101.03999999999999
469,1892.0,2.0,6.4,0.9,9.0,18.6,74.16
470,1892.0,3.0,6.9,-0.9,23.0,9.5,101.03999999999999
471,1892.0,4.0,14.3,1.7,10.0,19.5,143.54000000000002
472,1892.0,5.0,17.1,6.9,3.0,32.8,198.38000000000002
473,1892.0,6.0,19.2,8.7,0.0,52.7,142.71999999999997
474,1892.0,7.0,18.9,10.3,0.0,84.4,135.61999999999998
475,1892.0,8.0,20.4,11.5,0.0,78.7,133.90000000000003
476,1892.0,9.0,16.9,8.9,0.0,59.1,132.06
477,1892.0,10.0,11.1,4.0,4.0,85.6,95.44000000000001
478,1892.0,11.0,9.4,3.8,6.0,49.2,132.14000000000001
479,1892.0,12.0,4.7,-0.6,17.0,25.3,79.44
480,1893.0,1.0,4.4,-0.3,15.0,43.1,86.78
481,1893.0,2.0,8.0,2.5,5.0,69.4,85.2
482,1893.0,3.0,13.7,1.7,12.0,9.4,109.96
483,1893.0,4.0,18.0,3.9,2.0,1.5,188.42
484,1893.0,5.0,19.4,7.7,0.0,23.1,211.68
485,1893.0,6.0,21.8,10.2,0.0,19.6,211.67999999999998
486,1893.0,7.0,21.6,12.5,0.0,98.9,106.7
487,1893.0,8.0,23.2,13.0,0.0,27.7,211.68
488,1893.0,9.0,18.6,8.9,0.0,16.0,207.56
489,1893.0,10.0,14.3,6.6,1.0,73.5,115.35999999999999
490,1893.0,11.0,8.2,1.7,12.0,42.5,86.78
491,1893.0,12.0,7.8,1.3,5.0,47.7,132.14000000000001
492,1894.0,1.0,6.1,1.2,9.0,49.6,117.32000000000001
493,1894.0,2.0,8.6,2.2,7.0,41.3,88.22
494,1894.0,3.0,11.8,2.2,5.0,45.0,100.84
495,1894.0,4.0,15.0,5.1,0.0,46.9,161.68
496,1894.0,5.0,14.1,5.3,1.0,39.3,165.7
497,1894.0,6.0,18.2,9.9,0.0,74.0,130.95999999999998
498,1894.0,7.0,20.6,12.0,0.0,84.8,135.61999999999998
499,1894.0,8.0,18.6,11.0,0.0,69.7,125.55999999999999
500,1894.0,9.0,16.0,8.3,0.0,47.1,161.68
501,1894.0,10.0,12.5,6.9,1.0,89.4,114.8
502,1894.0,11.0,10.6,5.4,0.0,126.1,76.02000000000001
503,1894.0,12.0,7.5,2.8,9.0,52.6,117.31999999999998
504,1895.0,1.0,3.1,-1.8,20.0,66.3,83.9
505,1895.0,2.0,1.8,-5.3,24.0,4.4,101.03999999999999
506,1895.0,3.0,10.0,2.0,9.0,39.2,88.22
507,1895.0,4.0,13.1,5.0,1.0,46.4,132.14000000000001
508,1895.0,5.0,19.0,7.3,0.0,4.6,202.01999999999998
509,1895.0,6.0,21.4,9.8,0.0,28.6,211.68
510,1895.0,7.0,20.4,12.2,0.0,91.5,140.88
511,1895.0,8.0,20.5,12.1,0.0,62.5,147.32
512,1895.0,9.0,22.4,9.9,0.0,16.4,207.56
513,1895.0,10.0,11.6,3.9,8.0,76.6,85.2
514,1895.0,11.0,11.1,5.4,1.0,113.5,89.3
515,1895.0,12.0,6.8,1.9,6.0,56.5,114.62
516,1896.0,1.0,7.2,2.4,5.0,16.8,133.7
517,1896.0,2.0,8.0,1.4,9.0,10.1,109.96
518,1896.0,3.0,11.4,4.3,3.0,69.0,99.0
519,1896.0,4.0,14.0,5.4,0.0,17.5,188.24
520,1896.0,5.0,18.2,6.6,1.0,6.1,202.01999999999998
521,1896.0,6.0,21.9,12.0,0.0,65.0,126.24000000000001
522,1896.0,7.0,22.8,12.1,0.0,37.4,192.14000000000001
523,1896.0,8.0,19.6,10.6,0.0,79.8,133.90000000000003
524,1896.0,9.0,17.0,10.7,0.0,152.6,76.74000000000001
525,1896.0,10.0,11.5,4.5,3.0,81.1,90.0
526,1896.0,11.0,7.8,1.6,8.0,21.8,127.25999999999999
527,1896.0,12.0,6.7,1.7,11.0,77.3,64.96
528,1897.0,1.0,3.9,-0.2,15.0,44.7,78.74
529,1897.0,2.0,8.8,4.1,2.0,60.0,97.91999999999999
530,1897.0,3.0,10.6,4.1,3.0,73.6,85.19999999999999
531,1897.0,4.0,11.6,4.1,2.0,53.5,125.38
532,1897.0,5.0,15.7,5.7,1.0,17.9,188.24
533,1897.0,6.0,20.6,11.2,0.0,74.1,130.95999999999998
534,1897.0,7.0,22.4,12.3,0.0,67.1,140.8
535,1897.0,8.0,20.9,12.1,0.0,108.9,121.88000000000002
536,1897.0,9.0,16.7,8.9,0.0,59.7,132.06
537,1897.0,10.0,14.2,6.3,0.0,36.0,185.82
538,1897.0,11.0,10.2,4.3,2.0,29.8,149.58
539,1897.0,12.0,7.6,1.9,10.0,65.5,75.34
540,1898.0,1.0,8.6,4.2,5.0,12.8,123.55999999999999
541,1898.0,2.0,8.5,2.0,7.0,32.9,122.0
542,1898.0,3.0,8.5,0.6,15.0,17.6,74.16
543,1898.0,4.0,13.6,3.7,4.0,36.0,165.7
544,1898.0,5.0,14.8,6.8,0.0,61.7,129.44
545,1898.0,6.0,18.8,9.5,0.0,34.8,192.14000000000001
546,1898.0,7.0,21.3,11.1,0.0,15.2,199.24
547,1898.0,8.0,22.4,12.5,0.0,43.8,182.56
548,1898.0,9.0,22.2,10.0,0.0,10.5,199.24
549,1898.0,10.0,14.6,8.4,0.0,125.6,98.7
550,1898.0,11.0,10.4,4.7,3.0,50.9,121.66
551,1898.0,12.0,10.1,5.1,4.0,65.2,75.34
552,1899.0,1.0,8.5,2.9,5.0,75.3,85.2
553,1899.0,2.0,9.5,2.1,10.0,51.2,117.31999999999998
554,1899.0,3.0,10.6,0.4,16.0,7.4,101.03999999999999
555,1899.0,4.0,12.2,5.1,2.0,48.8,132.14000000000001
556,1899.0,5.0,15.4,6.2,0.0,38.0,185.82
557,1899.0,6.0,22.0,10.3,0.0,20.3,211.67999999999998
558,1899.0,7.0,23.8,13.3,0.0,42.9,203.83999999999997
559,1899.0,8.0,24.9,12.3,0.0,47.6,195.32000000000002
560,1899.0,9.0,18.6,10.3,0.0,58.2,132.06
561,1899.0,10.0,14.1,4.7,2.0,70.1,99.0
562,1899.0,11.0,11.3,5.4,3.0,66.6,84.96
563,1899.0,12.0,5.0,-0.2,14.0,33.2,80.08
564,1900.0,1.0,7.2,2.1,5.0,58.5,116.97999999999999
565,1900.0,2.0,6.0,0.7,14.0,107.0,78.3
566,1900.0,3.0,7.2,0.9,8.0,12.9,109.96
567,1900.0,4.0,13.8,3.8,3.0,22.8,196.68
568,1900.0,5.0,15.2,6.3,0.0,34.0,185.82
569,1900.0,6.0,19.5,10.6,0.0,69.4,125.55999999999999
570,1900.0,7.0,24.3,13.4,0.0,22.4,211.68
571,1900.0,8.0,20.4,11.5,0.0,79.8,133.90000000000003
572,1900.0,9.0,19.6,9.2,0.0,10.4,199.24
573,1900.0,10.0,14.2,6.7,0.0,59.1,129.44
574,1900.0,11.0,10.3,5.4,2.0,42.2,158.16
575,1900.0,12.0,10.2,5.0,2.0,81.9,92.5
576,1901.0,1.0,6.0,1.0,15.0,26.9,84.47999999999999
577,1901.0,2.0,4.9,0.1,13.0,32.8,86.78
578,1901.0,3.0,7.6,1.2,8.0,36.1,88.22
579,1901.0,4.0,14.0,4.3,1.0,53.2,129.44
580,1901.0,5.0,17.4,6.2,1.0,31.8,185.82000000000002
581,1901.0,6.0,19.8,9.4,0.0,38.6,179.01999999999998
582,1901.0,7.0,23.8,13.2,0.0,118.1,115.47999999999999
583,1901.0,8.0,21.4,11.5,0.0,54.3,132.06
584,1901.0,9.0,18.5,10.0,0.0,47.0,166.78000000000003
585,1901.0,10.0,14.1,6.2,3.0,30.5,177.14000000000001
586,1901.0,11.0,8.1,1.7,11.0,13.4,93.1
587,1901.0,12.0,6.4,0.9,12.0,83.5,67.61999999999999
588,1902.0,1.0,7.8,2.6,10.0,17.1,113.58
589,1902.0,2.0,4.7,-0.5,18.0,26.9,66.4
590,1902.0,3.0,11.0,3.8,4.0,30.8,163.82
591,1902.0,4.0,12.7,3.5,4.0,30.6,163.82000000000002
592,1902.0,5.0,13.8,5.4,1.0,38.6,153.95999999999998
593,1902.0,6.0,18.5,9.8,0.0,50.1,168.2
594,1902.0,7.0,20.5,11.0,0.0,15.7,199.23999999999998
595,1902.0,8.0,19.6,11.1,0.0,56.0,132.06
596,1902.0,9.0,18.0,8.5,0.0,27.9,192.14000000000001
597,1902.0,10.0,13.0,6.8,0.0,39.0,164.01999999999998
598,1902.0,11.0,9.6,4.5,4.0,56.8,129.44
599,1902.0,12.0,7.0,2.5,7.0,33.9,129.45999999999998
600,1903.0,1.0,6.9,2.4,8.0,65.4,94.74
601,1903.0,2.0,10.5,4.5,1.0,19.8,188.24
602,1903.0,3.0,11.1,4.3,0.0,77.1,115.35999999999999
603,1903.0,4.0,11.0,2.6,9.0,58.5,133.68
604,1903.0,5.0,16.2,7.2,0.0,111.0,123.72
605,1903.0,6.0,17.5,8.9,0.0,141.8,81.14000000000001
606,1903.0,7.0,20.7,11.9,0.0,88.2,140.88
607,1903.0,8.0,18.8,10.9,0.0,84.7,135.61999999999998
608,1903.0,9.0,17.8,9.7,0.0,39.3,179.01999999999998
609,1903.0,10.0,14.0,8.5,0.0,163.3,73.24
610,1903.0,11.0,9.6,3.9,4.0,38.2,129.46
611,1903.0,12.0,5.7,1.6,10.0,26.5,89.85999999999999
612,1904.0,1.0,6.8,1.4,10.0,79.1,74.03999999999999
613,1904.0,2.0,6.4,1.5,8.0,76.0,85.2
614,1904.0,3.0,8.3,1.6,7.0,26.4,148.82
615,1904.0,4.0,13.8,5.4,0.0,20.4,188.24
616,1904.0,5.0,15.6,7.4,0.0,81.7,122.58000000000001
617,1904.0,6.0,18.8,9.2,0.0,26.5,211.68
618,1904.0,7.0,23.2,13.0,0.0,85.1,140.88000000000002
619,1904.0,8.0,20.6,11.0,0.0,38.7,192.14000000000001
620,1904.0,9.0,17.3,7.9,0.0,31.6,192.14000000000001
621,1904.0,10.0,13.5,6.3,1.0,21.8,190.44
622,1904.0,11.0,8.5,2.0,11.0,39.5,85.72
623,1904.0,12.0,6.4,1.6,11.0,46.9,103.16000000000001
624,1905.0,1.0,6.3,0.4,15.0,19.9,74.16
625,1905.0,2.0,8.4,3.2,2.0,10.2,109.46
626,1905.0,3.0,11.1,3.9,2.0,75.7,85.2
627,1905.0,4.0,11.5,4.5,1.0,49.0,132.14000000000001
628,1905.0,5.0,16.7,6.1,1.0,19.5,188.24
629,1905.0,6.0,19.5,10.9,0.0,105.1,133.48
630,1905.0,7.0,23.3,13.4,0.0,4.0,218.83999999999997
631,1905.0,8.0,19.7,11.4,0.0,80.4,135.62000000000003
632,1905.0,9.0,16.8,9.4,0.0,32.5,192.14000000000001
633,1905.0,10.0,11.4,3.8,6.0,35.4,129.46
634,1905.0,11.0,8.3,2.2,7.0,75.5,85.2
635,1905.0,12.0,7.0,2.2,7.0,25.1,127.25999999999999
636,1906.0,1.0,8.4,3.1,3.0,89.3,106.4
637,1906.0,2.0,6.6,0.7,10.0,40.4,88.22
638,1906.0,3.0,9.3,2.1,9.0,32.2,120.55999999999999
639,1906.0,4.0,13.8,2.1,9.0,9.0,109.96
640,1906.0,5.0,15.5,7.2,0.0,45.0,161.68
641,1906.0,6.0,20.2,9.3,0.0,86.9,140.88
642,1906.0,7.0,22.2,11.6,0.0,26.7,211.68
643,1906.0,8.0,23.4,12.6,0.0,25.4,211.68
644,1906.0,9.0,20.4,9.4,0.0,25.0,211.68
645,1906.0,10.0,14.9,8.3,0.0,104.8,88.04
646,1906.0,11.0,10.5,4.7,3.0,82.4,79.32
647,1906.0,12.0,6.2,0.6,13.0,48.3,103.16
648,1907.0,1.0,6.3,1.1,10.0,15.5,109.96
649,1907.0,2.0,6.3,0.3,13.0,28.6,80.08
650,1907.0,3.0,12.1,1.8,8.0,21.3,130.42
651,1907.0,4.0,12.6,4.1,1.0,57.4,125.46000000000001
652,1907.0,5.0,15.9,7.3,0.0,59.6,129.44
653,1907.0,6.0,16.8,9.5,0.0,75.1,130.96
654,1907.0,7.0,19.2,10.4,0.0,86.0,140.88
655,1907.0,8.0,19.3,11.0,0.0,34.9,192.14000000000001
656,1907.0,9.0,19.7,9.0,0.0,18.1,207.6
657,1907.0,10.0,13.7,7.0,0.0,135.9,81.14000000000001
658,1907.0,11.0,10.2,4.2,2.0,57.5,129.44
659,1907.0,12.0,7.8,3.0,3.0,97.7,81.46000000000001
660,1908.0,1.0,5.5,-0.4,18.0,42.4,71.74
661,1908.0,2.0,8.6,2.7,4.0,22.2,151.98
662,1908.0,3.0,8.3,1.5,6.0,67.7,77.36
663,1908.0,4.0,10.4,2.4,10.0,109.4,68.72
664,1908.0,5.0,17.6,9.0,0.0,37.2,179.01999999999998
665,1908.0,6.0,20.5,9.8,0.0,43.1,169.07999999999998
666,1908.0,7.0,21.5,12.2,0.0,54.2,149.06
667,1908.0,8.0,20.0,10.7,0.0,77.0,130.96
668,1908.0,9.0,17.0,9.4,0.0,41.9,171.12000000000003
669,1908.0,10.0,16.1,8.1,1.0,29.7,192.14000000000001
670,1908.0,11.0,11.1,5.0,3.0,28.6,149.57999999999998
671,1908.0,12.0,6.5,1.6,5.0,49.9,100.38
672,1909.0,1.0,6.2,1.1,12.0,20.9,74.16
673,1909.0,2.0,6.5,-0.6,17.0,10.6,101.03999999999999
674,1909.0,3.0,7.1,1.2,9.0,63.7,116.75999999999999
675,1909.0,4.0,15.1,3.5,5.0,50.2,128.18
676,1909.0,5.0,17.3,5.4,0.0,48.1,166.78000000000003
677,1909.0,6.0,16.1,8.8,0.0,101.4,106.7
678,1909.0,7.0,19.6,11.7,0.0,61.5,147.32
679,1909.0,8.0,21.2,11.7,0.0,83.7,135.62000000000003
680,1909.0,9.0,16.1,9.1,0.0,79.1,130.96
681,1909.0,10.0,14.1,8.1,2.0,90.8,114.8
682,1909.0,11.0,8.3,2.3,10.0,16.1,62.760000000000005
683,1909.0,12.0,7.3,1.9,9.0,78.4,64.96
684,1910.0,1.0,6.7,1.6,9.0,40.4,88.22
685,1910.0,2.0,8.6,2.8,4.0,74.8,85.2
686,1910.0,3.0,10.6,1.9,10.0,15.4,93.1
687,1910.0,4.0,11.8,4.2,3.0,73.0,85.20000000000002
688,1910.0,5.0,16.5,7.3,1.0,52.6,142.71999999999997
689,1910.0,6.0,19.9,11.3,0.0,75.7,130.96
690,1910.0,7.0,18.3,11.1,0.0,51.1,171.78
691,1910.0,8.0,19.5,12.0,0.0,48.0,195.32000000000002
692,1910.0,9.0,17.1,9.1,0.0,11.2,184.47999999999996
693,1910.0,10.0,14.2,8.5,0.0,94.6,113.47999999999999
694,1910.0,11.0,6.9,0.4,17.0,78.6,65.11999999999999
695,1910.0,12.0,8.8,4.7,1.0,125.9,76.02000000000001
696,1911.0,1.0,6.3,1.3,9.0,20.4,94.34
697,1911.0,2.0,8.0,2.4,6.0,35.3,88.22
698,1911.0,3.0,8.5,2.7,2.0,41.7,95.88
699,1911.0,4.0,12.2,4.2,6.0,29.6,163.82
700,1911.0,5.0,18.6,8.4,0.0,56.0,132.06
701,1911.0,6.0,20.1,10.5,0.0,30.2,192.14000000000001
702,1911.0,7.0,26.1,13.1,0.0,10.8,199.23999999999995
703,1911.0,8.0,24.9,14.0,0.0,26.1,211.68
704,1911.0,9.0,21.4,9.4,0.0,36.5,192.14000000000001
705,1911.0,10.0,13.4,6.7,1.0,62.6,108.35999999999999
706,1911.0,11.0,9.3,3.6,4.0,61.9,125.46000000000001
707,1911.0,12.0,9.1,4.6,1.0,126.9,91.22
708,1912.0,1.0,6.8,1.7,9.0,111.5,69.55999999999999
709,1912.0,2.0,8.8,3.7,6.0,54.2,110.55999999999999
710,1912.0,3.0,10.8,5.0,0.0,83.3,97.82000000000001
711,1912.0,4.0,14.7,3.8,2.0,0.6,170.47999999999996
712,1912.0,5.0,17.5,8.8,0.0,55.2,132.06
713,1912.0,6.0,18.6,10.2,0.0,83.0,135.61999999999998
714,1912.0,7.0,21.1,12.5,0.0,78.7,144.0
715,1912.0,8.0,17.1,10.0,0.0,123.6,124.22
716,1912.0,9.0,15.2,7.7,0.0,29.8,192.14000000000001
717,1912.0,10.0,13.3,3.9,7.0,80.8,92.5
718,1912.0,11.0,9.2,4.1,3.0,47.2,100.38
719,1912.0,12.0,10.1,5.0,1.0,85.9,87.72
720,1913.0,1.0,7.6,3.0,5.0,77.0,85.2
721,1913.0,2.0,7.8,1.9,9.0,24.9,117.62
722,1913.0,3.0,10.4,3.3,4.0,68.1,102.72
723,1913.0,4.0,12.2,4.7,1.0,96.8,106.7
724,1913.0,5.0,17.0,7.8,0.0,68.4,100.71999999999998
725,1913.0,6.0,19.9,10.0,0.0,14.5,199.23999999999998
726,1913.0,7.0,19.6,11.4,0.0,20.1,207.6
727,1913.0,8.0,21.0,11.1,0.0,20.4,207.6
728,1913.0,9.0,18.6,10.8,0.0,47.6,185.42000000000002
729,1913.0,10.0,15.0,8.5,1.0,120.9,115.47999999999999
730,1913.0,11.0,11.9,5.7,2.0,63.6,108.36000000000001
731,1913.0,12.0,7.5,2.8,10.0,24.2,72.52
732,1914.0,1.0,6.0,1.2,13.0,13.9,108.78000000000002
733,1914.0,2.0,10.4,3.8,2.0,51.4,108.85999999999999
734,1914.0,3.0,10.1,3.3,6.0,92.0,110.17999999999999
735,1914.0,4.0,15.9,4.7,0.0,29.8,177.14000000000001
736,1914.0,5.0,16.6,6.4,2.0,37.1,164.01999999999998
737,1914.0,6.0,20.8,10.0,0.0,77.4,130.96
738,1914.0,7.0,20.9,12.2,0.0,77.7,144.0
739,1914.0,8.0,21.8,12.1,0.0,47.3,195.32
740,1914.0,9.0,19.5,8.3,0.0,22.2,190.44
741,1914.0,10.0,14.6,7.2,0.0,74.8,130.95999999999998
742,1914.0,11.0,10.2,4.0,6.0,74.1,85.2
743,1914.0,12.0,8.0,2.6,6.0,147.9,76.74
744,1915.0,1.0,6.5,2.2,6.0,81.1,74.03999999999999
745,1915.0,2.0,7.9,1.9,7.0,91.7,92.17999999999999
746,1915.0,3.0,9.3,1.8,11.0,33.1,82.58
747,1915.0,4.0,12.9,3.5,1.0,21.0,183.48000000000002
748,1915.0,5.0,17.1,6.4,0.0,90.3,127.78
749,1915.0,6.0,20.6,9.5,0.0,35.1,192.14000000000001
750,1915.0,7.0,19.7,11.3,0.0,114.1,130.01999999999998
751,1915.0,8.0,20.8,12.2,0.0,35.2,195.45999999999998
752,1915.0,9.0,18.8,8.6,0.0,74.3,130.95999999999998
753,1915.0,10.0,12.7,6.3,2.0,53.3,132.23999999999998
754,1915.0,11.0,6.9,0.1,15.0,64.6,100.82000000000001
755,1915.0,12.0,9.0,3.5,6.0,127.1,75.6
756,1916.0,1.0,10.3,5.1,0.0,38.1,124.42
757,1916.0,2.0,6.5,1.1,10.0,97.3,91.05999999999999
758,1916.0,3.0,6.5,1.1,9.0,131.8,75.6
759,1916.0,4.0,13.9,4.3,1.0,25.2,172.38
760,1916.0,5.0,17.3,7.6,0.0,51.6,158.3
761,1916.0,6.0,15.9,8.1,0.0,46.9,158.3
762,1916.0,7.0,20.9,11.0,0.0,45.3,203.98
763,1916.0,8.0,21.8,12.6,0.0,102.9,133.48000000000002
764,1916.0,9.0,17.6,9.0,0.0,23.3,190.44
765,1916.0,10.0,14.6,8.2,2.0,93.7,113.47999999999999
766,1916.0,11.0,9.4,3.8,4.0,85.6,79.32000000000001
767,1916.0,12.0,4.1,-0.6,18.0,72.3,54.64
768,1917.0,1.0,3.2,0.1,18.0,36.5,86.28
769,1917.0,2.0,4.3,-1.4,16.0,32.0,86.28
770,1917.0,3.0,6.9,0.0,15.0,45.5,80.9
771,1917.0,4.0,10.5,1.8,11.0,41.5,88.22
772,1917.0,5.0,19.5,8.2,0.0,42.0,180.71999999999997
773,1917.0,6.0,21.4,10.8,0.0,56.4,147.11999999999998
774,1917.0,7.0,21.1,11.9,0.0,82.9,140.88
775,1917.0,8.0,19.0,12.7,0.0,101.3,106.7
776,1917.0,9.0,18.7,10.8,0.0,43.1,203.98
777,1917.0,10.0,12.2,4.0,1.0,106.0,79.96000000000001
778,1917.0,11.0,10.6,5.3,2.0,17.3,164.57999999999998
779,1917.0,12.0,4.7,-0.7,18.0,24.5,61.36
780,1918.0,1.0,6.4,1.3,13.0,69.6,75.46
781,1918.0,2.0,9.2,3.9,5.0,27.9,137.26
782,1918.0,3.0,10.9,2.1,7.0,19.8,131.98
783,1918.0,4.0,10.5,3.6,2.0,81.5,85.2
784,1918.0,5.0,19.1,8.0,0.0,47.0,159.82
785,1918.0,6.0,18.9,8.5,0.0,33.3,192.14000000000001
786,1918.0,7.0,20.8,11.7,0.0,100.6,134.23999999999998
787,1918.0,8.0,21.1,12.0,0.0,30.5,192.14
788,1918.0,9.0,16.1,9.0,0.0,126.1,124.22
789,1918.0,10.0,12.6,6.4,0.0,44.3,111.34
790,1918.0,11.0,9.2,2.1,11.0,49.5,98.44
791,1918.0,12.0,9.9,5.0,2.0,59.5,125.46000000000001
792,1919.0,1.0,5.2,0.6,12.0,85.5,62.32000000000001
793,1919.0,2.0,4.3,-1.0,15.0,55.7,92.66
794,1919.0,3.0,7.5,1.0,11.0,97.9,91.05999999999999
795,1919.0,4.0,11.8,3.3,7.0,57.1,133.68
796,1919.0,5.0,19.5,7.8,0.0,15.6,202.67999999999998
797,1919.0,6.0,20.4,9.7,0.0,17.9,207.95999999999998
798,1919.0,7.0,18.7,10.2,0.0,59.7,132.07999999999998
799,1919.0,8.0,22.4,12.0,0.0,72.5,147.92000000000002
800,1919.0,9.0,18.0,8.7,1.0,31.5,192.13999999999996
801,1919.0,10.0,12.1,2.3,5.0,38.2,92.78
802,1919.0,11.0,6.1,1.0,12.0,21.8,61.44
803,1919.0,12.0,8.6,3.2,3.0,112.3,89.3
804,1920.0,1.0,8.6,2.8,6.0,54.3,136.48
805,1920.0,2.0,9.9,2.7,6.0,16.1,76.88
806,1920.0,3.0,12.0,3.8,3.0,41.8,112.08
807,1920.0,4.0,12.0,5.9,0.0,78.5,115.35999999999999
808,1920.0,5.0,17.1,7.8,0.0,42.9,183.35999999999999
809,1920.0,6.0,19.6,10.1,0.0,81.2,135.62
810,1920.0,7.0,18.2,11.0,0.0,119.0,115.05999999999999
811,1920.0,8.0,18.0,9.7,0.0,28.5,192.14000000000001
812,1920.0,9.0,18.1,9.3,0.0,45.0,183.35999999999999
813,1920.0,10.0,14.5,6.6,1.0,48.9,158.3
814,1920.0,11.0,9.8,3.4,7.0,35.1,92.41999999999999
815,1920.0,12.0,6.8,2.2,9.0,58.9,119.23999999999998
816,1921.0,1.0,9.9,5.2,2.0,62.4,116.97999999999999
817,1921.0,2.0,8.6,1.4,7.0,14.3,76.88
818,1921.0,3.0,11.8,4.1,1.0,23.8,172.38000000000002
819,1921.0,4.0,14.2,3.9,3.0,23.1,183.48000000000002
820,1921.0,5.0,17.5,6.9,1.0,38.0,164.01999999999998
821,1921.0,6.0,21.4,9.5,0.0,8.7,212.67999999999998
822,1921.0,7.0,26.1,13.3,0.0,7.2,217.24
823,1921.0,8.0,20.9,12.1,0.0,41.9,203.97999999999996
824,1921.0,9.0,20.6,9.3,0.0,43.6,203.98
825,1921.0,10.0,18.9,8.2,0.0,32.5,192.14000000000001
826,1921.0,11.0,8.0,1.7,12.0,42.9,90.32
827,1921.0,12.0,9.4,3.6,5.0,40.9,84.47999999999999
828,1922.0,1.0,7.1,1.3,13.0,61.2,119.96
829,1922.0,2.0,8.3,1.4,11.0,58.0,119.96
830,1922.0,3.0,8.5,1.8,8.0,48.9,99.16
831,1922.0,4.0,10.4,1.9,7.0,71.9,85.2
832,1922.0,5.0,19.9,8.1,0.0,34.0,202.26
833,1922.0,6.0,19.9,9.3,0.0,30.3,192.14000000000001
834,1922.0,7.0,18.5,10.4,0.0,90.2,118.53999999999999
835,1922.0,8.0,18.1,10.1,0.0,130.4,103.82000000000001
836,1922.0,9.0,16.9,8.8,0.0,35.4,151.38
837,1922.0,10.0,12.9,4.0,6.0,12.7,107.12
838,1922.0,11.0,9.0,2.3,8.0,31.2,80.49999999999999
839,1922.0,12.0,8.4,3.9,1.0,66.4,92.88
840,1923.0,1.0,8.4,2.2,4.0,40.6,99.97999999999999
841,1923.0,2.0,8.8,3.7,2.0,91.3,111.83999999999999
842,1923.0,3.0,9.8,3.6,1.0,66.8,118.4
843,1923.0,4.0,12.2,4.3,2.0,57.9,125.46
844,1923.0,5.0,14.7,6.0,1.0,36.6,164.01999999999998
845,1923.0,6.0,17.3,8.8,0.0,10.8,201.08
846,1923.0,7.0,23.4,13.5,0.0,37.9,212.35999999999999
847,1923.0,8.0,21.4,11.1,0.0,83.8,140.88
848,1923.0,9.0,18.0,8.5,0.0,46.3,174.88000000000002
849,1923.0,10.0,13.6,7.1,0.0,99.7,81.46000000000001
850,1923.0,11.0,6.8,0.0,13.0,34.6,82.1
851,1923.0,12.0,7.4,1.0,14.0,60.4,94.67999999999999
852,1924.0,1.0,7.7,3.0,5.0,80.1,65.36
853,1924.0,2.0,6.3,0.4,12.0,6.5,108.25999999999999
854,1924.0,3.0,9.6,-0.2,21.0,23.8,66.4
855,1924.0,4.0,12.5,3.7,5.0,67.6,118.4
856,1924.0,5.0,16.9,8.0,0.0,100.6,114.08
857,1924.0,6.0,19.1,10.4,0.0,69.3,129.35999999999999
858,1924.0,7.0,20.7,10.9,0.0,92.5,137.56
859,1924.0,8.0,18.8,10.5,0.0,49.8,174.87999999999997
860,1924.0,9.0,17.4,10.5,0.0,108.4,122.96
861,1924.0,10.0,14.1,7.3,1.0,99.0,94.82000000000001
862,1924.0,11.0,10.1,4.8,4.0,47.2,83.9
863,1924.0,12.0,9.1,4.3,1.0,110.1,84.12
864,1925.0,1.0,8.4,2.3,6.0,40.9,90.78
865,1925.0,2.0,9.0,2.5,2.0,86.4,88.66
866,1925.0,3.0,8.9,1.5,13.0,11.9,82.32
867,1925.0,4.0,12.2,3.6,1.0,56.6,131.98
868,1925.0,5.0,16.8,7.8,0.0,68.0,115.88000000000002
869,1925.0,6.0,21.5,9.9,0.0,1.7,210.34
870,1925.0,7.0,22.5,12.3,0.0,98.9,143.98000000000002
871,1925.0,8.0,20.1,12.0,0.0,59.5,150.24
872,1925.0,9.0,16.3,7.8,0.0,82.0,135.62000000000003
873,1925.0,10.0,15.2,6.9,2.0,71.4,109.43999999999998
874,1925.0,11.0,7.7,1.4,16.0,47.6,74.46000000000001
875,1925.0,12.0,6.0,0.4,15.0,51.5,74.46000000000001
876,1926.0,1.0,7.5,1.5,9.0,101.0,91.66000000000001
877,1926.0,2.0,10.2,4.7,1.0,54.1,106.85999999999999
878,1926.0,3.0,10.6,3.3,2.0,16.8,109.28000000000002
879,1926.0,4.0,14.1,5.2,0.0,68.8,99.34
880,1926.0,5.0,15.1,6.6,0.0,79.5,130.95999999999998
881,1926.0,6.0,18.8,9.4,0.0,61.9,120.4
882,1926.0,7.0,21.6,12.9,0.0,67.6,129.35999999999999
883,1926.0,8.0,21.6,12.1,0.0,30.2,214.82
884,1926.0,9.0,19.6,11.0,0.0,35.7,170.82
885,1926.0,10.0,12.6,4.5,7.0,55.0,122.25999999999999
886,1926.0,11.0,10.0,3.6,5.0,113.5,89.22
887,1926.0,12.0,6.9,1.3,10.0,11.3,74.08
888,1927.0,1.0,7.8,1.8,7.0,60.6,119.17999999999999
889,1927.0,2.0,7.0,1.3,12.0,97.9,89.52000000000001
890,1927.0,3.0,11.5,4.4,1.0,60.4,125.46
891,1927.0,4.0,13.1,4.5,1.0,44.1,99.56
892,1927.0,5.0,17.7,6.8,1.0,21.4,211.0
893,1927.0,6.0,17.9,8.8,0.0,81.1,144.0
894,1927.0,7.0,19.6,12.6,0.0,78.4,128.12
895,1927.0,8.0,20.1,12.2,0.0,105.4,130.85999999999999
896,1927.0,9.0,16.4,9.6,0.0,133.8,81.14
897,1927.0,10.0,15.0,6.8,0.0,48.1,158.3
898,1927.0,11.0,9.5,3.5,8.0,67.1,92.6
899,1927.0,12.0,4.0,0.3,12.0,87.0,54.46
900,1928.0,1.0,9.0,2.2,3.0,97.3,85.27999999999999
901,1928.0,2.0,10.3,2.2,7.0,44.9,76.55999999999999
902,1928.0,3.0,10.6,3.4,6.0,39.0,104.67999999999999
903,1928.0,4.0,13.0,4.5,3.0,22.5,184.5
904,1928.0,5.0,16.5,6.4,1.0,14.8,181.76
905,1928.0,6.0,18.6,9.1,0.0,45.1,200.02
906,1928.0,7.0,23.3,12.4,0.0,48.0,201.44
907,1928.0,8.0,20.2,11.7,0.0,33.3,185.82
908,1928.0,9.0,19.2,7.9,0.0,16.0,215.95999999999998
909,1928.0,10.0,14.8,6.8,1.0,83.9,116.35999999999999
910,1928.0,11.0,11.5,4.6,2.0,70.8,104.83999999999999
911,1928.0,12.0,6.6,0.4,9.0,55.8,92.75999999999999
912,1929.0,1.0,3.7,-1.1,21.0,29.8,43.8
913,1929.0,2.0,3.3,-3.0,19.0,14.1,60.5
914,1929.0,3.0,12.9,-0.1,17.0,1.4,190.2
915,1929.0,4.0,11.8,2.5,6.0,34.3,144.7
916,1929.0,5.0,17.1,6.4,2.0,28.4,240.9
917,1929.0,6.0,18.9,8.9,0.0,24.3,210.3
918,1929.0,7.0,22.7,11.2,0.0,34.8,219.7
919,1929.0,8.0,21.2,11.6,0.0,25.4,176.3
920,1929.0,9.0,23.2,10.7,0.0,2.6,199.1
921,1929.0,10.0,14.1,6.3,2.0,77.7,109.2
922,1929.0,11.0,11.0,3.3,9.0,165.9,78.7
923,1929.0,12.0,9.2,3.4,5.0,131.7,67.0
924,1930.0,1.0,9.0,3.4,1.0,73.0,49.9
925,1930.0,2.0,5.4,0.3,13.0,13.7,54.3
926,1930.0,3.0,9.8,1.8,10.0,31.0,109.7
927,1930.0,4.0,12.5,5.0,1.0,55.1,102.0
928,1930.0,5.0,15.6,7.0,0.0,54.9,134.5
929,1930.0,6.0,21.1,10.8,0.0,20.1,211.2
930,1930.0,7.0,20.1,11.7,0.0,79.5,174.1
931,1930.0,8.0,21.2,12.0,0.0,51.9,207.5
932,1930.0,9.0,18.0,10.5,0.0,90.8,108.2
933,1930.0,10.0,14.6,7.5,0.0,32.0,113.5
934,1930.0,11.0,10.2,2.8,8.0,106.1,68.7
935,1930.0,12.0,7.0,1.9,9.0,76.8,23.3
936,1931.0,1.0,6.5,0.8,14.0,36.2,63.7
937,1931.0,2.0,7.4,1.3,6.0,43.7,72.0
938,1931.0,3.0,9.2,0.3,16.0,3.7,142.3
939,1931.0,4.0,11.8,4.7,0.0,75.8,93.5
940,1931.0,5.0,16.1,7.8,0.0,72.8,150.1
941,1931.0,6.0,19.5,11.0,0.0,89.7,158.7
942,1931.0,7.0,19.6,12.1,0.0,80.6,127.9
943,1931.0,8.0,19.1,11.2,0.0,90.4,135.5
944,1931.0,9.0,15.7,8.3,0.0,62.9,92.3
945,1931.0,10.0,13.4,5.2,8.0,18.1,102.5
946,1931.0,11.0,11.0,5.1,1.0,90.6,62.4
947,1931.0,12.0,7.8,2.8,6.0,28.8,38.5
948,1932.0,1.0,9.4,3.5,5.0,38.3,51.0
949,1932.0,2.0,5.8,-0.4,17.0,3.5,57.9
950,1932.0,3.0,9.6,0.4,15.0,54.4,133.4
951,1932.0,4.0,11.3,3.8,1.0,62.1,110.9
952,1932.0,5.0,14.8,7.5,0.0,139.1,112.4
953,1932.0,6.0,19.2,9.5,0.0,14.6,199.3
954,1932.0,7.0,20.6,12.7,0.0,61.6,124.0
955,1932.0,8.0,22.9,13.6,0.0,64.7,178.3
956,1932.0,9.0,17.7,9.7,0.0,66.0,102.1
957,1932.0,10.0,13.1,5.9,1.0,120.8,100.7
958,1932.0,11.0,9.6,4.0,1.0,31.5,55.7
959,1932.0,12.0,8.2,3.5,4.0,17.7,58.0
960,1933.0,1.0,5.3,-0.7,19.0,44.5,69.5
961,1933.0,2.0,7.9,1.4,14.0,88.6,94.3
962,1933.0,3.0,12.9,3.3,4.0,60.6,187.6
963,1933.0,4.0,14.4,4.5,2.0,25.3,152.5
964,1933.0,5.0,17.7,8.1,0.0,44.9,170.2
965,1933.0,6.0,21.4,10.6,0.0,34.1,226.9
966,1933.0,7.0,23.9,13.6,0.0,47.5,237.6
967,1933.0,8.0,24.6,12.7,0.0,20.5,242.7
968,1933.0,9.0,20.6,10.7,0.0,52.8,177.3
969,1933.0,10.0,14.0,6.7,1.0,36.3,101.3
970,1933.0,11.0,8.8,2.8,6.0,28.5,53.9
971,1933.0,12.0,3.5,-0.7,16.0,7.8,59.0
972,1934.0,1.0,7.5,0.6,12.0,47.8,65.9
973,1934.0,2.0,7.5,-0.5,14.0,7.7,96.6
974,1934.0,3.0,9.6,1.3,8.0,45.2,122.5
975,1934.0,4.0,12.7,4.5,3.0,53.0,124.9
976,1934.0,5.0,17.6,6.9,0.0,18.0,216.3
977,1934.0,6.0,21.1,10.6,0.0,36.6,192.7
978,1934.0,7.0,25.3,12.9,0.0,24.0,269.3
979,1934.0,8.0,21.1,11.4,0.0,46.2,184.9
980,1934.0,9.0,20.2,10.7,0.0,61.4,149.1
981,1934.0,10.0,14.5,7.6,1.0,34.9,81.5
982,1934.0,11.0,9.3,3.9,3.0,41.4,48.7
983,1934.0,12.0,10.5,5.9,0.0,142.2,31.3
984,1935.0,1.0,7.3,2.5,5.0,13.9,48.1
985,1935.0,2.0,9.3,2.9,4.0,52.0,62.0
986,1935.0,3.0,11.1,2.8,6.0,11.4,121.5
987,1935.0,4.0,12.6,4.4,3.0,91.8,127.3
988,1935.0,5.0,15.1,5.4,2.0,35.9,188.5
989,1935.0,6.0,20.0,11.2,0.0,114.6,196.3
990,1935.0,7.0,23.9,12.7,0.0,12.9,274.3
991,1935.0,8.0,23.4,12.1,0.0,45.3,199.9
992,1935.0,9.0,18.7,10.2,0.0,116.3,144.7
993,1935.0,10.0,14.0,6.1,3.0,94.9,102.6
994,1935.0,11.0,10.4,4.3,2.0,103.1,65.4
995,1935.0,12.0,5.6,0.9,12.0,78.8,48.9
996,1936.0,1.0,7.2,1.7,12.0,80.3,43.4
997,1936.0,2.0,6.2,-0.3,15.0,39.6,89.2
998,1936.0,3.0,11.0,4.1,4.0,46.5,71.4
999,1936.0,4.0,10.7,2.9,4.0,41.8,133.2
1000,1936.0,5.0,17.1,6.8,0.0,10.7,179.5
1001,1936.0,6.0,20.0,10.6,0.0,91.6,166.2
1002,1936.0,7.0,19.6,12.0,0.0,87.1,119.2
1003,1936.0,8.0,22.2,11.7,0.0,21.0,184.7
1004,1936.0,9.0,18.7,11.3,0.0,83.7,79.3
1005,1936.0,10.0,13.8,5.2,0.0,33.6,103.1
1006,1936.0,11.0,9.0,2.2,10.0,67.7,48.9
1007,1936.0,12.0,8.5,2.2,8.0,50.7,62.3
1008,1937.0,1.0,8.4,2.5,6.0,84.8,50.9
1009,1937.0,2.0,9.5,3.5,2.0,120.3,66.6
1010,1937.0,3.0,7.7,0.8,12.0,77.5,99.7
1011,1937.0,4.0,13.5,5.8,1.0,66.9,103.1
1012,1937.0,5.0,17.5,8.2,0.0,66.7,185.0
1013,1937.0,6.0,20.0,10.0,0.0,39.8,181.3
1014,1937.0,7.0,21.2,12.6,0.0,35.2,140.1
1015,1937.0,8.0,23.6,12.5,0.0,11.2,202.3
1016,1937.0,9.0,19.3,9.1,0.0,50.4,143.0
1017,1937.0,10.0,14.8,7.2,0.0,68.6,79.1
1018,1937.0,11.0,8.6,1.6,11.0,31.0,65.9
1019,1937.0,12.0,6.0,0.7,14.0,48.5,41.2
1020,1938.0,1.0,8.8,3.4,0.0,67.3,41.2
1021,1938.0,2.0,8.2,2.0,6.0,21.3,66.9
1022,1938.0,3.0,15.5,4.3,5.0,8.9,172.3
1023,1938.0,4.0,13.0,2.5,5.0,2.7,180.9
1024,1938.0,5.0,15.9,6.5,1.0,50.1,144.9
1025,1938.0,6.0,20.3,10.8,0.0,24.3,190.6
1026,1938.0,7.0,21.0,11.7,0.0,30.4,133.5
1027,1938.0,8.0,21.9,12.6,0.0,91.8,151.3
1028,1938.0,9.0,19.0,10.1,0.0,54.5,110.9
1029,1938.0,10.0,14.7,7.1,0.0,72.0,118.1
1030,1938.0,11.0,12.9,6.9,0.0,80.6,70.0
1031,1938.0,12.0,7.2,1.5,11.0,73.5,52.4
1032,1939.0,1.0,7.4,2.3,6.0,113.0,46.4
1033,1939.0,2.0,9.5,2.8,4.0,26.6,104.9
1034,1939.0,3.0,9.6,2.8,4.0,40.0,86.2
1035,1939.0,4.0,14.1,4.9,1.0,76.8,171.7
1036,1939.0,5.0,16.3,7.3,0.0,30.1,184.9
1037,1939.0,6.0,19.5,9.7,0.0,49.9,227.9
1038,1939.0,7.0,19.8,12.1,0.0,106.2,139.7
1039,1939.0,8.0,21.5,12.4,0.0,42.6,153.7
1040,1939.0,9.0,19.3,10.8,0.0,13.8,147.0
1041,1939.0,10.0,12.5,5.2,0.0,134.0,94.3
1042,1939.0,11.0,12.3,6.5,0.0,104.3,41.1
1043,1939.0,12.0,5.6,0.6,11.0,36.3,46.0
1044,1940.0,1.0,1.9,-4.6,26.0,74.2,83.1
1045,1940.0,2.0,5.6,0.2,13.0,55.8,22.8
1046,1940.0,3.0,10.8,2.5,7.0,64.3,128.3
1047,1940.0,4.0,13.9,5.0,5.0,45.2,118.1
1048,1940.0,5.0,18.6,7.8,0.0,38.0,215.4
1049,1940.0,6.0,22.6,11.1,0.0,15.3,273.4
1050,1940.0,7.0,20.5,11.1,0.0,61.0,165.1
1051,1940.0,8.0,22.1,11.1,0.0,1.8,199.5
1052,1940.0,9.0,19.2,8.6,0.0,24.1,179.5
1053,1940.0,10.0,13.9,6.0,1.0,67.1,95.5
1054,1940.0,11.0,10.3,4.3,2.0,175.5,76.8
1055,1940.0,12.0,6.6,0.8,11.0,32.8,46.5
1056,1941.0,1.0,3.0,-1.2,17.0,64.4,41.7
1057,1941.0,2.0,7.3,1.3,11.0,63.9,67.9
1058,1941.0,3.0,9.4,1.4,10.0,64.5,118.7
1059,1941.0,4.0,11.2,3.1,3.0,26.3,106.9
1060,1941.0,5.0,14.1,5.0,5.0,43.7,141.9
1061,1941.0,6.0,21.0,10.9,0.0,52.9,210.3
1062,1941.0,7.0,23.6,13.1,0.0,112.7,227.5
1063,1941.0,8.0,19.3,11.3,0.0,85.1,163.7
1064,1941.0,9.0,19.0,10.4,0.0,10.6,123.7
1065,1941.0,10.0,14.7,6.4,0.0,28.8,120.2
1066,1941.0,11.0,10.0,4.2,2.0,66.6,47.1
1067,1941.0,12.0,8.3,2.7,6.0,29.8,46.9
1068,1942.0,1.0,3.5,-2.0,20.0,87.5,45.1
1069,1942.0,2.0,2.8,-2.6,25.0,16.8,53.9
1070,1942.0,3.0,9.4,1.9,9.0,60.3,69.4
1071,1942.0,4.0,14.3,5.1,0.0,26.0,202.5
1072,1942.0,5.0,16.8,6.8,0.0,78.8,209.4
1073,1942.0,6.0,21.5,9.5,0.0,4.1,234.0
1074,1942.0,7.0,20.9,11.8,0.0,46.8,150.1
1075,1942.0,8.0,21.8,12.8,0.0,94.2,132.7
1076,1942.0,9.0,18.6,10.0,0.0,28.4,124.5
1077,1942.0,10.0,14.6,7.3,0.0,89.4,84.6
1078,1942.0,11.0,8.4,1.9,6.0,50.0,57.8
1079,1942.0,12.0,9.4,4.7,2.0,85.9,51.0
1080,1943.0,1.0,8.3,2.9,7.0,96.5,54.7
1081,1943.0,2.0,9.5,2.7,3.0,23.7,79.3
1082,1943.0,3.0,11.7,2.2,8.0,19.6,132.9
1083,1943.0,4.0,16.2,6.9,0.0,25.7,166.6
1084,1943.0,5.0,18.2,7.7,0.0,57.4,244.1
1085,1943.0,6.0,20.1,10.3,0.0,43.0,192.9
1086,1943.0,7.0,23.0,11.9,0.0,25.0,196.7
1087,1943.0,8.0,21.8,12.4,0.0,56.9,178.3
1088,1943.0,9.0,18.8,9.2,0.0,44.0,142.5
1089,1943.0,10.0,15.0,6.8,0.0,62.0,84.9
1090,1943.0,11.0,9.6,3.1,5.0,35.1,72.3
1091,1943.0,12.0,6.3,0.7,12.0,26.0,49.5
1092,1944.0,1.0,9.2,3.0,6.0,36.3,41.2
1093,1944.0,2.0,6.4,0.9,10.0,23.2,62.4
1094,1944.0,3.0,10.3,1.2,10.0,6.5,142.7
1095,1944.0,4.0,15.8,6.1,0.0,36.2,147.0
1096,1944.0,5.0,18.3,6.5,1.0,18.1,235.6
1097,1944.0,6.0,19.0,9.6,0.0,52.2,170.3
1098,1944.0,7.0,21.5,13.1,0.0,56.2,97.5
1099,1944.0,8.0,23.2,13.0,0.0,49.0,185.2
1100,1944.0,9.0,17.9,8.6,0.0,64.8,143.8
1101,1944.0,10.0,13.2,6.6,0.0,85.6,102.0
1102,1944.0,11.0,9.8,3.6,4.0,91.0,49.3
1103,1944.0,12.0,6.0,0.8,11.0,40.5,64.1
1104,1945.0,1.0,3.2,-2.0,22.0,49.9,51.5
1105,1945.0,2.0,10.9,4.7,0.0,46.8,65.7
1106,1945.0,3.0,13.1,3.9,3.0,20.4,152.6
1107,1945.0,4.0,16.1,5.6,2.0,32.6,209.1
1108,1945.0,5.0,18.0,8.2,2.0,54.0,156.1
1109,1945.0,6.0,19.7,10.8,0.0,66.2,182.4
1110,1945.0,7.0,22.1,12.8,0.0,52.0,159.0
1111,1945.0,8.0,21.3,11.7,0.0,37.2,144.8
1112,1945.0,9.0,18.6,11.5,0.0,47.5,64.9
1113,1945.0,10.0,16.5,8.0,0.0,69.4,111.7
1114,1945.0,11.0,10.0,4.4,4.0,4.8,31.0
1115,1945.0,12.0,8.1,2.5,4.0,88.9,46.6
1116,1946.0,1.0,5.9,0.1,16.0,35.2,49.9
1117,1946.0,2.0,9.4,4.0,3.0,56.1,78.7
1118,1946.0,3.0,9.6,1.3,9.0,24.4,107.2
1119,1946.0,4.0,16.1,5.0,0.0,34.4,203.3
1120,1946.0,5.0,15.7,6.2,0.0,78.6,162.9
1121,1946.0,6.0,18.1,9.5,0.0,58.3,149.8
1122,1946.0,7.0,22.3,12.7,0.0,32.2,197.6
1123,1946.0,8.0,20.1,11.4,0.0,92.2,134.8
1124,1946.0,9.0,18.4,11.0,0.0,85.4,98.5
1125,1946.0,10.0,13.7,7.1,3.0,20.2,79.3
1126,1946.0,11.0,11.2,5.7,1.0,114.1,42.9
1127,1946.0,12.0,6.2,-0.1,13.0,53.8,74.7
1128,1947.0,1.0,4.9,-0.6,15.0,35.2,59.5
1129,1947.0,2.0,-0.2,-4.4,26.0,42.5,26.3
1130,1947.0,3.0,7.7,1.3,14.0,132.9,70.9
1131,1947.0,4.0,13.8,5.2,0.0,47.0,150.5
1132,1947.0,5.0,19.2,9.0,0.0,47.9,147.3
1133,1947.0,6.0,21.5,11.4,0.0,27.4,185.9
1134,1947.0,7.0,22.6,13.6,0.0,43.2,144.5
1135,1947.0,8.0,25.8,13.1,0.0,15.0,274.9
1136,1947.0,9.0,20.7,11.1,0.0,29.3,159.9
1137,1947.0,10.0,15.8,5.6,2.0,10.5,107.3
1138,1947.0,11.0,10.9,4.6,8.0,32.2,75.4
1139,1947.0,12.0,8.1,2.8,6.0,44.9,37.9
1140,1948.0,1.0,9.1,3.2,4.0,127.3,45.7
1141,1948.0,2.0,7.9,2.2,11.0,22.6,92.9
1142,1948.0,3.0,14.0,3.5,4.0,18.5,160.2
1143,1948.0,4.0,14.8,4.4,2.0,42.6,205.2
1144,1948.0,5.0,17.5,6.5,0.0,126.0,237.1
1145,1948.0,6.0,18.5,9.9,0.0,53.7,124.2
1146,1948.0,7.0,21.1,12.1,0.0,21.7,174.7
1147,1948.0,8.0,20.1,11.9,0.0,87.3,133.7
1148,1948.0,9.0,19.1,10.7,0.0,63.1,146.4
1149,1948.0,10.0,14.3,6.4,3.0,59.3,93.7
1150,1948.0,11.0,10.5,4.2,7.0,38.3,68.6
1151,1948.0,12.0,9.1,3.4,5.0,68.7,65.4
1152,1949.0,1.0,8.6,3.1,5.0,23.4,51.0
1153,1949.0,2.0,10.3,1.6,8.0,25.8,115.1
1154,1949.0,3.0,9.0,1.7,9.0,43.2,112.5
1155,1949.0,4.0,15.5,6.1,1.0,33.4,182.5
1156,1949.0,5.0,16.7,6.6,0.0,61.4,233.3
1157,1949.0,6.0,21.6,10.3,0.0,11.7,242.1
1158,1949.0,7.0,24.7,12.8,0.0,23.0,262.5
1159,1949.0,8.0,22.9,12.6,0.0,37.7,210.3
1160,1949.0,9.0,22.0,12.5,0.0,58.3,151.1
1161,1949.0,10.0,16.3,8.4,2.0,161.8,125.0
1162,1949.0,11.0,9.9,3.4,5.0,64.2,76.2
1163,1949.0,12.0,9.1,3.3,4.0,34.6,65.4
1164,1950.0,1.0,6.9,1.5,12.0,14.2,40.6
1165,1950.0,2.0,9.5,2.8,5.0,103.9,67.5
1166,1950.0,3.0,12.2,3.6,3.0,22.3,138.8
1167,1950.0,4.0,12.5,4.2,2.0,54.4,163.7
1168,1950.0,5.0,16.0,7.1,0.0,55.5,174.1
1169,1950.0,6.0,22.1,11.8,0.0,39.1,244.5
1170,1950.0,7.0,20.8,12.5,0.0,135.5,174.0
1171,1950.0,8.0,20.8,12.2,0.0,77.6,171.1
1172,1950.0,9.0,17.3,10.0,0.0,73.0,112.7
1173,1950.0,10.0,13.4,6.6,3.0,12.9,96.6
1174,1950.0,11.0,8.7,4.0,3.0,112.3,56.9
1175,1950.0,12.0,3.7,-0.7,20.0,33.3,55.3
1176,1951.0,1.0,7.1,2.0,8.0,78.0,48.9
1177,1951.0,2.0,6.9,1.4,4.0,87.5,58.6
1178,1951.0,3.0,8.0,1.6,9.0,90.2,92.6
1179,1951.0,4.0,12.0,2.9,1.0,64.8,200.4
1180,1951.0,5.0,14.5,6.5,0.0,53.4,152.1
1181,1951.0,6.0,19.7,9.4,0.0,35.9,251.9
1182,1951.0,7.0,22.3,12.1,0.0,34.2,216.7
1183,1951.0,8.0,19.9,11.7,0.0,93.7,174.7
1184,1951.0,9.0,18.8,10.7,0.0,125.1,110.8
1185,1951.0,10.0,13.8,5.0,4.0,22.9,105.6
1186,1951.0,11.0,11.7,6.2,1.0,132.1,75.1
1187,1951.0,12.0,9.0,3.0,5.0,39.8,69.8
1188,1952.0,1.0,6.0,0.3,13.0,46.4,94.1
1189,1952.0,2.0,6.9,0.3,13.0,13.3,96.7
1190,1952.0,3.0,10.5,3.9,4.0,61.1,105.0
1191,1952.0,4.0,15.2,5.4,2.0,41.2,178.2
1192,1952.0,5.0,19.1,9.5,0.0,56.6,207.0
1193,1952.0,6.0,20.5,10.5,0.0,34.0,217.6
1194,1952.0,7.0,23.0,12.9,0.0,7.5,194.0
1195,1952.0,8.0,21.1,12.6,0.0,108.5,180.5
1196,1952.0,9.0,15.7,7.2,0.0,43.0,140.3
1197,1952.0,10.0,12.9,5.6,4.0,95.5,105.0
1198,1952.0,11.0,7.0,1.3,7.0,96.8,72.1
1199,1952.0,12.0,6.0,-0.6,16.0,55.2,77.7
1200,1953.0,1.0,5.4,0.8,13.0,21.8,42.5
1201,1953.0,2.0,7.3,1.1,11.0,40.4,75.9
1202,1953.0,3.0,10.8,0.3,17.0,17.2,140.7
1203,1953.0,4.0,12.5,3.5,1.0,53.0,183.3
1204,1953.0,5.0,17.9,8.2,0.0,42.8,223.0
1205,1953.0,6.0,18.7,10.5,0.0,40.5,139.7
1206,1953.0,7.0,20.4,11.7,0.0,82.1,203.4
1207,1953.0,8.0,21.7,12.2,0.0,74.1,237.4
1208,1953.0,9.0,18.6,10.0,0.0,47.3,151.7
1209,1953.0,10.0,14.0,6.5,0.0,56.0,84.1
1210,1953.0,11.0,11.3,5.9,0.0,39.7,54.4
1211,1953.0,12.0,9.5,5.0,0.0,18.0,28.4
1212,1954.0,1.0,5.6,0.3,16.0,33.0,75.7
1213,1954.0,2.0,6.5,0.2,10.0,59.7,79.7
1214,1954.0,3.0,10.1,2.9,4.0,64.4,107.9
1215,1954.0,4.0,12.8,2.8,5.0,10.1,202.4
1216,1954.0,5.0,15.9,7.2,0.0,53.3,145.9
1217,1954.0,6.0,17.9,10.3,0.0,92.3,157.1
1218,1954.0,7.0,18.6,11.3,0.0,55.8,157.1
1219,1954.0,8.0,19.2,11.3,0.0,80.1,123.5
1220,1954.0,9.0,17.6,9.4,0.0,66.3,168.8
1221,1954.0,10.0,15.8,9.3,1.0,54.9,94.5
1222,1954.0,11.0,10.9,3.8,5.0,112.2,60.1
1223,1954.0,12.0,9.6,4.4,3.0,51.4,54.5
1224,1955.0,1.0,5.4,0.3,13.0,62.7,40.1
1225,1955.0,2.0,4.5,-1.1,18.0,36.3,86.3
1226,1955.0,3.0,7.5,-0.4,19.0,36.5,161.4
1227,1955.0,4.0,14.6,5.6,0.0,16.6,173.7
1228,1955.0,5.0,14.6,6.0,0.0,113.5,217.5
1229,1955.0,6.0,19.3,10.1,0.0,107.4,155.3
1230,1955.0,7.0,23.7,12.6,0.0,7.4,268.3
1231,1955.0,8.0,24.3,13.6,0.0,11.5,188.0
1232,1955.0,9.0,19.4,10.0,0.0,38.3,153.1
1233,1955.0,10.0,13.9,5.4,4.0,40.1,119.7
1234,1955.0,11.0,10.4,3.7,6.0,35.4,71.5
1235,1955.0,12.0,9.4,2.2,6.0,79.1,47.3
1236,1956.0,1.0,6.7,1.0,13.0,99.5,50.3
1237,1956.0,2.0,2.5,-3.5,21.0,11.4,78.9
1238,1956.0,3.0,10.8,2.2,8.0,17.3,149.7
1239,1956.0,4.0,12.2,2.6,2.0,48.1,158.7
1240,1956.0,5.0,18.2,7.1,0.0,8.5,246.6
1241,1956.0,6.0,17.9,9.6,0.0,62.7,145.0
1242,1956.0,7.0,20.9,12.5,0.0,62.0,168.0
1243,1956.0,8.0,18.4,10.6,0.0,114.9,161.4
1244,1956.0,9.0,18.4,11.1,0.0,60.0,94.3
1245,1956.0,10.0,13.6,5.8,0.0,45.9,116.5
1246,1956.0,11.0,9.1,2.9,4.0,19.7,77.9
1247,1956.0,12.0,8.2,3.5,10.0,80.7,18.2
1248,1957.0,1.0,8.6,3.0,4.0,41.0,50.8
1249,1957.0,2.0,9.1,3.2,6.0,71.7,83.1
1250,1957.0,3.0,13.6,5.9,1.0,43.1,110.2
1251,1957.0,4.0,13.5,5.1,1.0,9.9,168.0
1252,1957.0,5.0,15.4,6.2,0.0,42.4,205.6
1253,1957.0,6.0,22.2,10.1,0.0,55.7,297.1
1254,1957.0,7.0,21.5,13.4,0.0,85.4,157.9
1255,1957.0,8.0,20.4,12.1,0.0,95.9,170.5
1256,1957.0,9.0,16.9,9.7,0.0,101.5,102.6
1257,1957.0,10.0,15.4,7.6,0.0,52.6,92.9
1258,1957.0,11.0,8.8,3.7,3.0,50.5,76.4
1259,1957.0,12.0,7.4,1.6,10.0,64.4,62.3
1260,1958.0,1.0,6.6,1.0,11.0,90.2,54.6
1261,1958.0,2.0,9.0,2.3,8.0,65.4,55.4
1262,1958.0,3.0,7.8,0.9,14.0,34.6,110.7
1263,1958.0,4.0,12.1,3.6,6.0,27.5,145.2
1264,1958.0,5.0,16.4,7.9,0.0,54.4,196.0
1265,1958.0,6.0,19.1,10.7,0.0,84.2,145.7
1266,1958.0,7.0,20.8,12.3,0.0,63.6,188.1
1267,1958.0,8.0,20.2,12.7,0.0,67.3,119.6
1268,1958.0,9.0,19.3,11.8,0.0,80.3,118.0
1269,1958.0,10.0,14.4,8.1,0.0,72.5,93.7
1270,1958.0,11.0,9.3,4.2,1.0,76.7,51.8
1271,1958.0,12.0,7.4,2.7,4.0,83.5,29.5
1272,1959.0,1.0,4.9,-0.6,20.0,94.1,85.8
1273,1959.0,2.0,7.1,1.3,12.0,2.2,65.5
1274,1959.0,3.0,11.4,4.1,0.0,86.6,102.0
1275,1959.0,4.0,14.2,6.3,0.0,52.2,153.8
1276,1959.0,5.0,18.3,7.7,0.0,25.8,228.0
1277,1959.0,6.0,21.0,10.9,0.0,25.2,226.3
1278,1959.0,7.0,23.9,12.8,0.0,64.9,272.7
1279,1959.0,8.0,23.3,13.0,0.0,44.0,245.6
1280,1959.0,9.0,21.8,9.4,0.0,5.4,213.9
1281,1959.0,10.0,17.3,7.8,0.0,49.1,144.2
1282,1959.0,11.0,10.6,3.7,7.0,44.9,70.6
1283,1959.0,12.0,9.2,3.4,2.0,124.0,45.0
1284,1960.0,1.0,6.5,1.6,12.0,82.3,37.8
1285,1960.0,2.0,7.5,1.9,6.0,50.6,82.3
1286,1960.0,3.0,9.8,3.9,1.0,24.9,78.0
1287,1960.0,4.0,14.0,4.8,3.0,16.9,164.9
1288,1960.0,5.0,17.8,8.8,0.0,61.4,182.3
1289,1960.0,6.0,21.8,11.9,0.0,111.0,274.9
1290,1960.0,7.0,19.6,11.9,0.0,110.1,129.7
1291,1960.0,8.0,20.0,11.4,0.0,50.5,147.1
1292,1960.0,9.0,17.8,9.8,0.0,104.8,122.8
1293,1960.0,10.0,13.8,7.9,0.0,138.6,60.9
1294,1960.0,11.0,10.8,4.7,1.0,106.1,73.4
1295,1960.0,12.0,6.6,2.2,2.0,107.5,54.5
1296,1961.0,1.0,6.6,1.8,5.0,86.1,43.6
1297,1961.0,2.0,10.3,4.9,0.0,53.4,65.1
1298,1961.0,3.0,13.6,3.7,3.0,4.5,173.2
1299,1961.0,4.0,14.4,7.0,0.0,75.9,86.9
1300,1961.0,5.0,16.3,7.2,0.0,28.0,225.2
1301,1961.0,6.0,20.9,10.2,0.0,33.9,231.2
1302,1961.0,7.0,21.1,11.9,0.0,54.3,196.5
1303,1961.0,8.0,21.1,12.0,0.0,59.1,185.7
1304,1961.0,9.0,20.4,11.5,0.0,56.9,135.8
1305,1961.0,10.0,15.0,7.5,1.0,67.7,118.2
1306,1961.0,11.0,9.2,3.1,6.0,36.9,63.4
1307,1961.0,12.0,5.3,-0.3,18.0,97.8,76.5
1308,1962.0,1.0,7.5,1.6,6.0,94.7,70.0
1309,1962.0,2.0,7.5,1.6,7.0,10.3,70.6
1310,1962.0,3.0,7.3,-0.7,17.0,32.4,126.3
1311,1962.0,4.0,12.0,4.5,0.0,50.7,143.3
1312,1962.0,5.0,14.8,7.0,0.0,38.6,177.5
1313,1962.0,6.0,19.8,9.3,0.0,5.5,280.3
1314,1962.0,7.0,20.2,11.8,0.0,54.6,137.3
1315,1962.0,8.0,19.4,11.6,0.0,96.1,154.5
1316,1962.0,9.0,17.0,9.5,0.0,115.0,142.3
1317,1962.0,10.0,14.8,6.8,1.0,29.6,108.8
1318,1962.0,11.0,8.3,2.8,7.0,55.1,32.7
1319,1962.0,12.0,4.2,-1.6,17.0,50.4,72.6
1320,1963.0,1.0,-0.2,-5.8,28.0,27.9,58.9
1321,1963.0,2.0,1.7,-3.1,25.0,10.4,66.4
1322,1963.0,3.0,9.8,3.1,5.0,75.9,85.8
1323,1963.0,4.0,13.2,5.7,0.0,50.4,119.1
1324,1963.0,5.0,15.6,6.9,0.0,43.6,193.4
1325,1963.0,6.0,19.9,11.0,0.0,65.9,199.4
1326,1963.0,7.0,20.4,11.4,0.0,48.0,188.2
1327,1963.0,8.0,18.7,11.2,0.0,81.4,142.6
1328,1963.0,9.0,17.6,9.7,0.0,58.0,129.7
1329,1963.0,10.0,14.8,8.4,0.0,44.4,78.8
1330,1963.0,11.0,11.4,6.3,0.0,115.4,60.4
1331,1963.0,12.0,4.9,0.0,16.0,18.6,49.8
1332,1964.0,1.0,5.6,1.1,9.0,13.0,37.2
1333,1964.0,2.0,7.4,2.5,7.0,22.2,57.3
1334,1964.0,3.0,7.2,2.1,7.0,92.6,65.9
1335,1964.0,4.0,12.7,5.6,1.0,59.5,128.5
1336,1964.0,5.0,18.6,9.3,0.0,44.4,190.8
1337,1964.0,6.0,18.6,10.7,0.0,49.3,156.1
1338,1964.0,7.0,22.0,12.7,0.0,21.2,214.7
1339,1964.0,8.0,21.7,11.8,0.0,14.6,217.7
1340,1964.0,9.0,20.6,9.6,0.0,15.5,210.4
1341,1964.0,10.0,13.3,4.9,2.0,17.5,134.5
1342,1964.0,11.0,10.5,5.0,1.0,25.0,55.0
1343,1964.0,12.0,6.8,0.7,13.0,43.7,51.1
1344,1965.0,1.0,6.4,1.2,14.0,56.0,83.7
1345,1965.0,2.0,5.6,0.5,13.0,5.8,31.1
1346,1965.0,3.0,10.1,1.8,10.0,44.2,137.7
1347,1965.0,4.0,13.1,4.5,2.0,49.4,141.6
1348,1965.0,5.0,16.3,8.4,0.0,63.8,179.6
1349,1965.0,6.0,19.1,10.8,0.0,53.4,188.7
1350,1965.0,7.0,18.5,11.0,0.0,90.0,122.8
1351,1965.0,8.0,20.1,11.0,0.0,61.7,181.2
1352,1965.0,9.0,16.9,9.1,0.0,75.4,122.9
1353,1965.0,10.0,15.2,7.0,0.0,12.0,109.9
1354,1965.0,11.0,8.0,1.9,11.0,51.2,77.4
1355,1965.0,12.0,8.1,2.4,5.0,95.5,71.9
1356,1966.0,1.0,5.0,0.8,15.0,30.8,42.5
1357,1966.0,2.0,9.0,4.6,1.0,74.9,41.5
1358,1966.0,3.0,10.7,3.2,3.0,9.9,121.5
1359,1966.0,4.0,11.1,5.0,3.0,81.7,81.5
1360,1966.0,5.0,16.3,7.2,0.0,54.0,234.9
1361,1966.0,6.0,20.8,11.3,0.0,56.6,199.0
1362,1966.0,7.0,19.8,11.7,0.0,80.9,149.7
1363,1966.0,8.0,19.9,11.1,0.0,78.8,188.6
1364,1966.0,9.0,18.5,10.3,0.0,52.5,168.0
1365,1966.0,10.0,14.2,7.9,0.0,122.7,90.4
1366,1966.0,11.0,8.3,2.9,4.0,28.0,61.0
1367,1966.0,12.0,9.1,3.0,2.0,80.4,41.7
1368,1967.0,1.0,7.2,2.6,8.0,35.5,64.2
1369,1967.0,2.0,8.9,2.9,5.0,64.3,88.2
1370,1967.0,3.0,11.1,4.2,1.0,30.7,174.6
1371,1967.0,4.0,12.0,4.7,1.0,40.4,130.8
1372,1967.0,5.0,15.6,7.5,0.0,85.6,184.2
1373,1967.0,6.0,19.5,9.9,0.0,49.3,232.0
1374,1967.0,7.0,22.7,13.1,0.0,76.6,234.4
1375,1967.0,8.0,20.7,12.3,0.0,44.0,167.1
1376,1967.0,9.0,17.7,10.9,0.0,59.4,116.5
1377,1967.0,10.0,14.2,8.8,0.0,121.7,95.1
1378,1967.0,11.0,8.9,3.0,5.0,29.2,69.2
1379,1967.0,12.0,7.1,2.0,12.0,63.3,70.6
1380,1968.0,1.0,7.3,2.0,8.0,57.9,50.0
1381,1968.0,2.0,4.7,-0.1,16.0,26.8,54.0
1382,1968.0,3.0,10.8,3.6,5.0,19.5,148.5
1383,1968.0,4.0,13.0,4.4,6.0,46.1,184.5
1384,1968.0,5.0,14.5,6.7,0.0,66.2,155.0
1385,1968.0,6.0,19.9,11.4,0.0,69.2,206.6
1386,1968.0,7.0,19.7,12.0,0.0,141.6,136.2
1387,1968.0,8.0,19.4,12.3,0.0,91.7,124.0
1388,1968.0,9.0,18.0,11.1,0.0,108.3,114.9
1389,1968.0,10.0,15.8,10.6,0.0,67.7,66.5
1390,1968.0,11.0,8.9,4.6,3.0,54.5,47.9
1391,1968.0,12.0,5.1,1.1,11.0,63.6,35.9
1392,1969.0,1.0,8.6,3.6,6.0,74.9,40.0
1393,1969.0,2.0,4.2,-0.9,16.0,39.9,78.1
1394,1969.0,3.0,7.3,1.1,8.0,48.3,70.5
1395,1969.0,4.0,13.1,3.7,5.0,37.0,221.3
1396,1969.0,5.0,16.4,8.3,0.0,88.8,161.9
1397,1969.0,6.0,19.9,9.5,0.0,20.7,276.9
1398,1969.0,7.0,23.2,13.1,0.0,49.0,243.8
1399,1969.0,8.0,21.3,13.2,0.0,87.9,157.5
1400,1969.0,9.0,17.7,10.8,0.0,32.8,97.4
1401,1969.0,10.0,16.7,9.9,0.0,5.0,112.0
1402,1969.0,11.0,9.0,3.2,5.0,52.0,84.6
1403,1969.0,12.0,6.0,1.2,9.0,72.9,35.6
1404,1970.0,1.0,6.6,1.9,10.0,66.6,34.5
1405,1970.0,2.0,6.6,0.6,11.0,49.2,115.9
1406,1970.0,3.0,7.6,0.6,12.0,45.8,120.8
1407,1970.0,4.0,11.3,3.8,3.0,75.9,132.7
1408,1970.0,5.0,18.8,8.7,0.0,22.9,224.8
1409,1970.0,6.0,22.4,11.6,0.0,43.0,270.9
1410,1970.0,7.0,20.4,11.9,0.0,42.3,192.4
1411,1970.0,8.0,21.0,12.2,0.0,51.9,185.6
1412,1970.0,9.0,19.4,11.2,0.0,40.3,157.3
1413,1970.0,10.0,15.0,7.4,0.0,19.5,106.2
1414,1970.0,11.0,11.4,5.6,1.0,150.3,64.7
1415,1970.0,12.0,6.7,1.8,13.0,33.9,43.8
1416,1971.0,1.0,7.2,2.5,7.0,105.3,42.1
1417,1971.0,2.0,7.9,1.5,8.0,22.1,69.5
1418,1971.0,3.0,8.7,2.2,8.0,42.9,106.0
1419,1971.0,4.0,12.0,4.3,1.0,44.8,122.9
1420,1971.0,5.0,17.3,7.4,0.0,46.3,228.9
1421,1971.0,6.0,16.7,9.4,0.0,135.8,143.5
1422,1971.0,7.0,23.2,13.1,0.0,37.3,259.3
1423,1971.0,8.0,20.3,12.7,0.0,133.2,134.2
1424,1971.0,9.0,19.5,9.8,0.0,13.4,166.5
1425,1971.0,10.0,15.8,7.4,0.0,74.2,135.2
1426,1971.0,11.0,9.8,3.0,7.0,61.3,102.0
1427,1971.0,12.0,8.7,4.6,3.0,24.0,29.8
1428,1972.0,1.0,6.4,2.0,6.0,60.5,41.8
1429,1972.0,2.0,7.0,2.5,1.0,50.8,27.3
1430,1972.0,3.0,11.8,2.8,4.0,63.2,144.0
1431,1972.0,4.0,12.2,5.4,0.0,45.8,117.6
1432,1972.0,5.0,15.1,7.4,0.0,49.8,141.9
1433,1972.0,6.0,16.6,8.8,0.0,55.8,150.4
1434,1972.0,7.0,21.0,11.8,0.0,23.3,168.7
1435,1972.0,8.0,20.7,11.6,0.0,29.8,160.9
1436,1972.0,9.0,16.5,8.3,0.0,31.0,129.1
1437,1972.0,10.0,14.8,7.4,0.0,25.9,91.6
1438,1972.0,11.0,9.5,3.8,7.0,65.8,80.6
1439,1972.0,12.0,8.7,3.5,2.0,74.0,47.6
1440,1973.0,1.0,6.8,2.1,10.0,24.4,38.8
1441,1973.0,2.0,7.7,1.3,11.0,15.0,74.1
1442,1973.0,3.0,11.0,2.1,4.0,10.8,150.7
1443,1973.0,4.0,12.1,4.2,2.0,42.4,167.7
1444,1973.0,5.0,16.2,8.1,0.0,71.2,168.0
1445,1973.0,6.0,20.9,10.9,0.0,109.3,249.5
1446,1973.0,7.0,20.8,12.2,0.0,60.0,171.1
1447,1973.0,8.0,22.5,12.8,0.0,28.8,192.0
1448,1973.0,9.0,19.7,11.0,0.0,32.7,153.9
1449,1973.0,10.0,12.8,5.5,1.0,40.8,95.1
1450,1973.0,11.0,9.8,3.2,10.0,28.3,89.1
1451,1973.0,12.0,8.3,2.3,8.0,30.9,62.9
1452,1974.0,1.0,9.3,3.6,3.0,65.0,56.3
1453,1974.0,2.0,8.7,3.1,4.0,77.7,58.3
1454,1974.0,3.0,9.3,2.4,6.0,36.7,101.7
1455,1974.0,4.0,13.0,3.8,0.0,4.2,142.1
1456,1974.0,5.0,16.1,6.8,0.0,31.6,191.4
1457,1974.0,6.0,19.1,10.1,0.0,78.7,206.2
1458,1974.0,7.0,20.1,12.2,0.0,41.7,187.8
1459,1974.0,8.0,20.6,11.3,0.0,97.2,198.7
1460,1974.0,9.0,16.5,9.1,0.0,156.1,146.5
1461,1974.0,10.0,11.0,4.9,1.0,66.4,105.4
1462,1974.0,11.0,10.1,5.0,0.0,95.1,52.9
1463,1974.0,12.0,10.6,5.9,0.0,33.4,58.8
1464,1975.0,1.0,9.8,4.6,1.0,69.4,44.7
1465,1975.0,2.0,7.9,1.8,4.0,29.7,57.8
1466,1975.0,3.0,7.8,2.5,6.0,95.2,72.7
1467,1975.0,4.0,12.8,5.3,4.0,46.9,131.4
1468,1975.0,5.0,14.3,6.4,0.0,49.0,159.1
1469,1975.0,6.0,21.5,9.4,0.0,18.0,301.0
1470,1975.0,7.0,23.8,13.4,0.0,34.1,242.4
1471,1975.0,8.0,25.1,14.1,0.0,30.2,218.6
1472,1975.0,9.0,18.7,9.9,0.0,95.3,147.0
1473,1975.0,10.0,14.2,6.5,1.0,11.0,120.7
1474,1975.0,11.0,9.8,2.5,7.0,37.9,85.1
1475,1975.0,12.0,7.5,1.7,10.0,21.7,34.4
1476,1976.0,1.0,8.5,3.4,8.0,18.9,70.3
1477,1976.0,2.0,7.5,2.3,8.0,18.8,42.6
1478,1976.0,3.0,9.0,1.7,11.0,16.0,107.8
1479,1976.0,4.0,12.9,4.1,4.0,8.1,148.7
1480,1976.0,5.0,17.8,8.3,0.0,44.2,172.0
1481,1976.0,6.0,24.4,12.6,0.0,17.1,261.4
1482,1976.0,7.0,25.9,13.2,0.0,14.3,254.2
1483,1976.0,8.0,24.4,11.4,0.0,23.9,257.4
1484,1976.0,9.0,18.1,10.5,0.0,90.7,118.2
1485,1976.0,10.0,14.1,8.3,0.0,99.5,43.6
1486,1976.0,11.0,9.2,3.4,5.0,55.9,54.1
1487,1976.0,12.0,4.6,-0.4,13.0,101.8,58.6
1488,1977.0,1.0,5.4,0.7,11.0,75.9,35.4
1489,1977.0,2.0,8.9,3.3,4.0,114.4,74.4
1490,1977.0,3.0,10.5,4.3,4.0,59.8,87.2
1491,1977.0,4.0,11.6,3.8,4.0,40.7,157.9
1492,1977.0,5.0,15.7,6.1,0.0,43.1,217.5
1493,1977.0,6.0,16.7,8.5,0.0,86.9,123.2
1494,1977.0,7.0,21.0,12.0,0.0,5.8,193.6
1495,1977.0,8.0,19.7,12.2,0.0,129.0,123.4
1496,1977.0,9.0,17.5,10.4,0.0,7.8,101.8
1497,1977.0,10.0,15.4,8.3,0.0,32.8,107.3
1498,1977.0,11.0,9.6,3.8,7.0,46.6,102.4
1499,1977.0,12.0,8.9,3.9,2.0,67.8,45.2
1500,1978.0,1.0,6.2,0.7,11.0,68.2,53.6
1501,1978.0,2.0,5.5,0.4,15.0,45.6,58.9
1502,1978.0,3.0,10.8,3.3,3.0,52.3,128.1
1503,1978.0,4.0,10.2,3.3,5.0,45.2,113.6
1504,1978.0,5.0,17.0,7.1,0.0,48.5,202.8
1505,1978.0,6.0,19.1,9.6,0.0,39.9,171.7
1506,1978.0,7.0,20.0,11.5,0.0,82.4,146.4
1507,1978.0,8.0,20.2,11.4,0.0,32.6,157.4
1508,1978.0,9.0,19.1,10.6,0.0,24.4,159.3
1509,1978.0,10.0,16.2,8.1,0.0,5.4,87.5
1510,1978.0,11.0,11.6,5.5,5.0,22.8,77.3
1511,1978.0,12.0,7.1,2.2,12.0,109.5,34.3
1512,1979.0,1.0,3.2,-3.1,23.0,56.8,72.0
1513,1979.0,2.0,3.8,-0.9,18.0,56.2,67.3
1514,1979.0,3.0,8.4,2.1,2.0,110.3,92.9
1515,1979.0,4.0,12.3,4.8,3.0,38.9,126.4
1516,1979.0,5.0,15.2,6.8,2.0,124.8,190.9
1517,1979.0,6.0,19.0,10.7,0.0,43.6,166.6
1518,1979.0,7.0,22.5,13.0,0.0,16.6,192.2
1519,1979.0,8.0,20.3,11.7,0.0,60.8,167.4
1520,1979.0,9.0,18.6,9.6,0.0,17.0,171.0
1521,1979.0,10.0,15.5,8.0,0.0,59.8,117.0
1522,1979.0,11.0,10.5,3.9,4.0,39.4,70.0
1523,1979.0,12.0,8.9,3.8,3.0,127.7,59.7
1524,1980.0,1.0,5.3,-0.3,15.0,36.7,84.0
1525,1980.0,2.0,9.5,3.2,5.0,39.8,58.8
1526,1980.0,3.0,8.5,2.3,7.0,69.8,86.7
1527,1980.0,4.0,13.7,4.9,0.0,14.1,165.4
1528,1980.0,5.0,16.6,6.3,1.0,35.5,228.7
1529,1980.0,6.0,19.0,10.7,0.0,89.4,186.7
1530,1980.0,7.0,19.7,11.2,0.0,59.5,168.9
1531,1980.0,8.0,21.2,12.8,0.0,63.6,169.0
1532,1980.0,9.0,19.2,12.2,0.0,65.6,136.4
1533,1980.0,10.0,13.0,6.0,0.0,84.9,111.8
1534,1980.0,11.0,9.1,4.4,3.0,42.5,61.4
1535,1980.0,12.0,8.5,2.9,7.0,32.9,64.4
1536,1981.0,1.0,7.3,2.4,8.0,39.2,50.9
1537,1981.0,2.0,6.2,0.2,15.0,20.9,75.3
1538,1981.0,3.0,11.1,6.4,0.0,129.7,57.8
1539,1981.0,4.0,12.0,4.4,2.0,43.9,110.4
1540,1981.0,5.0,15.7,8.2,0.0,87.7,98.3
1541,1981.0,6.0,18.1,10.4,0.0,26.1,122.8
1542,1981.0,7.0,21.3,12.3,0.0,34.0,129.0
1543,1981.0,8.0,22.2,12.7,0.0,38.8,199.8
1544,1981.0,9.0,19.8,11.0,0.0,92.5,157.3
1545,1981.0,10.0,12.3,5.7,1.0,64.7,101.9
1546,1981.0,11.0,10.8,4.9,2.0,31.4,43.7
1547,1981.0,12.0,3.6,-2.0,18.0,74.0,57.5
1548,1982.0,1.0,5.5,-0.1,13.0,57.2,55.0
1549,1982.0,2.0,7.9,2.7,5.0,32.0,33.8
1550,1982.0,3.0,10.3,2.9,2.0,96.2,144.7
1551,1982.0,4.0,13.8,4.9,0.0,27.4,164.4
1552,1982.0,5.0,17.5,7.2,1.0,35.9,187.2
1553,1982.0,6.0,21.3,12.7,0.0,69.4,148.4
1554,1982.0,7.0,22.0,12.8,0.0,23.5,151.4
1555,1982.0,8.0,21.2,12.9,0.0,37.9,159.8
1556,1982.0,9.0,20.1,10.6,0.0,51.9,141.0
1557,1982.0,10.0,13.6,7.8,0.0,83.4,66.3
1558,1982.0,11.0,10.8,6.1,4.0,77.3,68.5
1559,1982.0,12.0,7.7,1.9,9.0,62.4,60.4
1560,1983.0,1.0,9.8,4.7,2.0,45.7,54.9
1561,1983.0,2.0,4.8,-0.7,17.0,23.8,74.0
1562,1983.0,3.0,10.3,3.3,4.0,42.5,89.5
1563,1983.0,4.0,11.8,3.7,2.0,89.5,150.5
1564,1983.0,5.0,14.8,7.8,0.0,106.3,126.8
1565,1983.0,6.0,19.6,11.0,0.0,19.4,180.3
1566,1983.0,7.0,26.8,15.4,0.0,21.7,257.5
1567,1983.0,8.0,23.5,13.3,0.0,24.0,214.5
1568,1983.0,9.0,18.0,11.1,0.0,59.4,92.4
1569,1983.0,10.0,14.3,7.7,1.0,53.0,119.7
1570,1983.0,11.0,10.4,5.2,6.0,42.6,44.3
1571,1983.0,12.0,8.7,3.2,8.0,49.8,62.9
1572,1984.0,1.0,7.5,1.5,7.0,81.5,86.1
1573,1984.0,2.0,6.4,1.0,7.0,35.4,66.0
1574,1984.0,3.0,8.2,2.4,1.0,50.3,48.8
1575,1984.0,4.0,13.9,3.4,5.0,1.6,236.8
1576,1984.0,5.0,14.5,6.0,0.0,72.0,143.4
1577,1984.0,6.0,20.8,10.8,0.0,30.0,244.3
1578,1984.0,7.0,23.9,12.2,0.0,13.6,249.4
1579,1984.0,8.0,23.6,13.6,0.0,32.7,199.8
1580,1984.0,9.0,17.9,11.2,0.0,91.1,99.6
1581,1984.0,10.0,15.0,8.6,1.0,54.4,88.6
1582,1984.0,11.0,11.3,6.0,0.0,101.6,53.8
1583,1984.0,12.0,8.3,2.7,8.0,44.5,57.6
1584,1985.0,1.0,3.9,-1.9,22.0,44.4,51.1
1585,1985.0,2.0,5.5,-0.8,15.0,34.7,78.0
1586,1985.0,3.0,8.9,1.4,10.0,36.7,112.4
1587,1985.0,4.0,13.1,5.1,3.0,32.7,138.3
1588,1985.0,5.0,15.7,7.3,0.0,80.5,178.3
1589,1985.0,6.0,17.5,9.0,0.0,122.5,165.0
1590,1985.0,7.0,21.6,12.7,0.0,45.8,216.0
1591,1985.0,8.0,19.0,12.1,0.0,67.0,164.9
1592,1985.0,9.0,19.4,11.2,0.0,19.4,143.3
1593,1985.0,10.0,14.5,7.9,0.0,29.1,100.8
1594,1985.0,11.0,7.4,1.7,10.0,41.1,86.1
1595,1985.0,12.0,9.4,5.1,5.0,108.1,44.2
1596,1986.0,1.0,6.7,1.1,9.0,67.3,76.4
1597,1986.0,2.0,1.0,-4.1,24.0,7.3,71.2
1598,1986.0,3.0,9.2,2.1,4.0,58.0,127.3
1599,1986.0,4.0,10.2,3.1,2.0,70.4,139.6
1600,1986.0,5.0,15.7,8.0,0.0,70.7,205.6
1601,1986.0,6.0,20.6,10.5,0.0,22.3,222.7
1602,1986.0,7.0,21.5,12.8,0.0,37.1,201.2
1603,1986.0,8.0,18.4,11.0,0.0,114.3,147.0
1604,1986.0,9.0,16.6,7.5,0.0,39.0,171.6
1605,1986.0,10.0,15.3,7.8,0.0,75.1,119.7
1606,1986.0,11.0,11.4,5.4,0.0,78.4,77.9
1607,1986.0,12.0,9.2,3.8,1.0,64.2,64.8
1608,1987.0,1.0,3.0,-1.4,20.0,9.9,68.8
1609,1987.0,2.0,7.1,1.0,13.0,34.0,67.8
1610,1987.0,3.0,8.2,1.5,13.0,53.9,111.6
1611,1987.0,4.0,15.2,6.6,0.0,51.4,158.7
1612,1987.0,5.0,15.2,6.5,0.0,48.7,168.7
1613,1987.0,6.0,17.8,10.4,0.0,86.0,129.3
1614,1987.0,7.0,21.2,12.7,0.0,29.3,179.4
1615,1987.0,8.0,21.0,12.5,0.0,34.0,158.2
1616,1987.0,9.0,18.6,10.9,0.0,25.4,132.3
1617,1987.0,10.0,14.0,6.7,1.0,138.8,109.5
1618,1987.0,11.0,9.0,4.3,2.0,58.2,43.9
1619,1987.0,12.0,8.0,3.7,7.0,26.0,42.9
1620,1988.0,1.0,8.1,3.3,4.0,100.0,47.7
1621,1988.0,2.0,8.1,2.3,5.0,33.8,103.7
1622,1988.0,3.0,10.2,3.8,4.0,59.1,85.2
1623,1988.0,4.0,12.6,4.6,3.0,30.2,132.0
1624,1988.0,5.0,17.1,7.8,0.0,32.0,178.1
1625,1988.0,6.0,18.7,10.3,0.0,59.6,142.3
1626,1988.0,7.0,18.9,11.6,0.0,96.5,138.8
1627,1988.0,8.0,20.4,11.9,0.0,38.8,178.8
1628,1988.0,9.0,17.9,10.4,0.0,39.6,136.9
1629,1988.0,10.0,14.5,8.0,2.0,38.6,120.0
1630,1988.0,11.0,9.1,1.6,15.0,29.5,91.4
1631,1988.0,12.0,10.1,5.4,0.0,13.4,46.7
1632,1989.0,1.0,9.1,3.6,5.0,33.4,68.2
1633,1989.0,2.0,9.9,3.0,4.0,55.1,107.0
1634,1989.0,3.0,12.0,4.6,1.0,47.0,100.9
1635,1989.0,4.0,11.0,3.6,1.0,63.8,133.9
1636,1989.0,5.0,19.7,8.6,0.0,29.2,300.8
1637,1989.0,6.0,20.8,10.5,0.0,45.9,244.4
1638,1989.0,7.0,24.9,14.0,0.0,29.4,280.4
1639,1989.0,8.0,23.4,12.4,0.0,43.3,269.5
1640,1989.0,9.0,19.9,11.9,0.0,23.8,141.6
1641,1989.0,10.0,15.9,8.9,0.0,53.9,90.8
1642,1989.0,11.0,9.8,3.2,7.0,32.5,104.1
1643,1989.0,12.0,8.2,3.3,4.0,141.5,26.5
1644,1990.0,1.0,10.0,4.5,1.0,75.0,58.3
1645,1990.0,2.0,11.3,5.3,0.0,94.2,95.7
1646,1990.0,3.0,12.7,5.0,2.0,18.4,144.1
1647,1990.0,4.0,13.7,3.3,5.0,20.4,234.4
1648,1990.0,5.0,19.2,7.8,0.0,8.7,285.0
1649,1990.0,6.0,18.2,10.7,0.0,48.8,121.1
1650,1990.0,7.0,23.8,12.2,0.0,17.7,268.5
1651,1990.0,8.0,24.7,14.0,0.0,26.5,236.6
1652,1990.0,9.0,18.7,9.4,0.0,41.1,164.7
1653,1990.0,10.0,15.8,9.3,0.0,45.9,124.4
1654,1990.0,11.0,9.8,4.3,1.0,20.0,83.7
1655,1990.0,12.0,6.9,1.7,10.0,56.3,58.8
1656,1991.0,1.0,6.4,1.2,8.0,60.9,66.9
1657,1991.0,2.0,4.7,-1.6,18.0,20.5,60.0
1658,1991.0,3.0,11.5,5.1,2.0,46.1,87.2
1659,1991.0,4.0,12.2,4.6,1.0,56.3,156.6
1660,1991.0,5.0,15.3,7.4,0.0,8.6,142.9
1661,1991.0,6.0,16.8,9.0,0.0,74.8,150.0
1662,1991.0,7.0,22.2,13.7,0.0,92.8,217.3
1663,1991.0,8.0,23.2,13.3,0.0,11.6,241.4
1664,1991.0,9.0,20.2,10.6,0.0,42.9,165.4
1665,1991.0,10.0,13.4,7.3,0.0,34.2,79.4
1666,1991.0,11.0,9.9,4.5,2.0,62.2,57.4
1667,1991.0,12.0,7.0,1.6,11.0,15.9,58.4
1668,1992.0,1.0,5.9,1.5,12.0,30.4,46.8
1669,1992.0,2.0,8.9,2.1,8.0,22.0,67.3
1670,1992.0,3.0,11.0,4.8,1.0,47.7,73.3
1671,1992.0,4.0,13.2,5.6,2.0,57.7,139.2
1672,1992.0,5.0,19.7,9.1,0.0,62.2,262.7
1673,1992.0,6.0,21.4,11.7,0.0,43.4,212.2
1674,1992.0,7.0,21.1,13.5,0.0,70.1,164.0
1675,1992.0,8.0,20.3,12.8,0.0,108.9,173.6
1676,1992.0,9.0,17.6,10.8,0.0,106.9,120.2
1677,1992.0,10.0,11.2,5.2,2.0,75.7,101.3
1678,1992.0,11.0,10.9,4.7,0.0,119.9,61.5
1679,1992.0,12.0,6.4,1.3,11.0,50.7,47.2
1680,1993.0,1.0,9.6,3.5,5.0,82.4,38.0
1681,1993.0,2.0,7.1,2.4,4.0,7.1,54.7
1682,1993.0,3.0,11.0,3.9,3.0,32.7,135.0
1683,1993.0,4.0,13.2,6.6,0.0,69.2,111.9
1684,1993.0,5.0,16.6,8.0,0.0,56.6,196.7
1685,1993.0,6.0,20.7,11.5,0.0,40.1,231.4
1686,1993.0,7.0,20.8,12.3,0.0,51.3,190.0
1687,1993.0,8.0,20.5,11.1,0.0,26.7,238.3
1688,1993.0,9.0,16.7,9.3,0.0,96.1,107.7
1689,1993.0,10.0,11.9,6.0,3.0,112.4,120.0
1690,1993.0,11.0,8.0,2.6,8.0,51.0,76.3
1691,1993.0,12.0,8.7,3.4,4.0,98.0,55.0
1692,1994.0,1.0,8.5,3.3,2.0,82.2,87.0
1693,1994.0,2.0,6.7,1.3,8.0,62.4,77.6
1694,1994.0,3.0,11.7,5.3,0.0,41.9,127.6
1695,1994.0,4.0,12.5,5.1,0.0,52.0,177.7
1696,1994.0,5.0,15.3,7.6,0.0,84.5,162.1
1697,1994.0,6.0,20.6,11.0,0.0,13.5,254.9
1698,1994.0,7.0,24.8,13.8,0.0,54.2,248.3
1699,1994.0,8.0,21.1,13.0,0.0,52.5,191.8
1700,1994.0,9.0,16.6,10.4,0.0,62.6,113.1
1701,1994.0,10.0,14.1,6.9,0.0,67.4,137.5
1702,1994.0,11.0,12.7,8.4,0.0,55.7,46.7
1703,1994.0,12.0,9.6,3.9,5.0,74.6,68.2
1704,1995.0,1.0,8.5,2.2,7.0,116.3,61.8
1705,1995.0,2.0,10.4,4.4,1.0,66.0,74.9
1706,1995.0,3.0,10.5,2.0,6.0,49.3,198.7
1707,1995.0,4.0,14.3,5.4,3.0,18.9,190.1
1708,1995.0,5.0,17.8,7.8,0.0,54.1,233.5
1709,1995.0,6.0,20.0,10.4,0.0,6.6,194.4
1710,1995.0,7.0,25.1,13.9,0.0,37.8,247.6
1711,1995.0,8.0,26.4,13.9,0.0,4.4,285.1
1712,1995.0,9.0,18.3,10.3,0.0,98.8,135.3
1713,1995.0,10.0,17.3,10.3,0.0,33.2,139.9
1714,1995.0,11.0,11.3,5.2,5.0,98.2,78.1
1715,1995.0,12.0,4.6,0.2,15.0,99.8,40.9
1716,1996.0,1.0,6.6,3.1,7.0,35.5,29.3
1717,1996.0,2.0,6.2,-0.1,17.0,60.8,103.4
1718,1996.0,3.0,8.4,1.8,9.0,27.1,76.4
1719,1996.0,4.0,13.8,4.8,5.0,49.3,148.3
1720,1996.0,5.0,14.1,5.6,1.0,35.7,185.7
1721,1996.0,6.0,21.2,10.2,0.0,23.7,290.7
1722,1996.0,7.0,23.3,12.7,0.0,25.5,256.6
1723,1996.0,8.0,22.4,12.5,0.0,53.1,211.6
1724,1996.0,9.0,18.4,10.3,0.0,16.1,125.3
1725,1996.0,10.0,15.8,8.6,0.0,33.0,130.8
1726,1996.0,11.0,9.6,2.9,10.0,81.6,101.0
1727,1996.0,12.0,5.5,0.9,13.0,16.2,55.5
1728,1997.0,1.0,5.1,-0.2,16.0,11.9,51.4
1729,1997.0,2.0,10.4,4.2,3.0,76.5,64.2
1730,1997.0,3.0,13.3,5.5,0.0,7.2,150.2
1731,1997.0,4.0,14.5,4.9,2.0,17.5,189.9
1732,1997.0,5.0,17.4,7.4,1.0,61.2,261.4
1733,1997.0,6.0,18.9,11.3,0.0,66.7,137.1
1734,1997.0,7.0,22.8,12.9,0.0,25.4,231.7
1735,1997.0,8.0,24.9,15.7,0.0,104.2,172.0
1736,1997.0,9.0,19.7,10.7,0.0,18.5,169.7
1737,1997.0,10.0,14.9,6.6,6.0,57.2,153.8
1738,1997.0,11.0,11.7,6.1,1.0,94.6,47.1
1739,1997.0,12.0,9.0,3.6,6.0,58.7,55.7
1740,1998.0,1.0,8.3,2.9,9.0,60.0,64.0
1741,1998.0,2.0,11.5,4.1,4.0,8.7,113.0
1742,1998.0,3.0,11.8,5.4,1.0,57.4,77.5
1743,1998.0,4.0,11.9,5.1,1.0,107.7,105.8
1744,1998.0,5.0,18.7,9.1,0.0,20.9,199.8
1745,1998.0,6.0,19.1,11.5,0.0,75.9,114.0
1746,1998.0,7.0,21.0,12.4,0.0,29.5,157.0
1747,1998.0,8.0,22.4,11.9,0.0,26.8,225.0
1748,1998.0,9.0,19.6,11.8,0.0,119.4,133.8
1749,1998.0,10.0,14.4,8.2,0.0,116.4,94.5
1750,1998.0,11.0,9.3,2.2,7.0,69.9,66.3
1751,1998.0,12.0,9.4,3.2,8.0,72.7,38.1
1752,1999.0,1.0,9.0,3.4,4.0,91.9,51.1
1753,1999.0,2.0,8.6,2.9,5.0,32.9,81.3
1754,1999.0,3.0,11.6,4.8,1.0,28.8,97.4
1755,1999.0,4.0,14.3,6.1,2.0,57.6,147.6
1756,1999.0,5.0,18.2,9.7,0.0,50.9,153.6
1757,1999.0,6.0,19.7,10.1,0.0,65.3,202.1
1758,1999.0,7.0,24.2,13.3,0.0,7.2,235.4
1759,1999.0,8.0,21.6,12.9,0.0,98.3,159.2
1760,1999.0,9.0,20.8,12.4,0.0,102.1,155.2
1761,1999.0,10.0,15.1,7.1,0.0,70.8,144.8
1762,1999.0,11.0,10.8,5.3,0.0,41.1,81.1
1763,1999.0,12.0,8.3,1.7,9.0,89.8,60.9
1764,2000.0,1.0,8.1,2.0,9.0,19.8,82.1
1765,2000.0,2.0,10.2,3.8,3.0,78.3,104.9
1766,2000.0,3.0,11.7,4.2,2.0,11.9,112.6
1767,2000.0,4.0,12.4,4.8,2.0,137.2,143.4
1768,2000.0,5.0,17.2,8.6,0.0,67.7,189.8
1769,2000.0,6.0,20.5,12.2,0.0,19.4,164.6
1770,2000.0,7.0,20.8,12.3,0.0,28.5,161.2
1771,2000.0,8.0,22.7,13.3,0.0,58.3,209.4
1772,2000.0,9.0,19.2,12.1,0.0,87.2,126.1
1773,2000.0,10.0,14.3,8.2,0.0,119.5,83.9
1774,2000.0,11.0,10.6,4.8,0.0,99.1,69.2
1775,2000.0,12.0,8.6,4.2,7.0,99.8,51.9
1776,2001.0,1.0,6.4,1.2,13.0,57.4,83.3
1777,2001.0,2.0,8.8,2.0,10.0,68.6,85.0
1778,2001.0,3.0,9.0,3.1,5.0,75.1,74.1
1779,2001.0,4.0,12.9,4.8,0.0,72.7,148.2
1780,2001.0,5.0,18.5,7.9,0.0,35.5,198.3
1781,2001.0,6.0,20.7,10.6,0.0,23.1,226.8
1782,2001.0,7.0,23.4,13.4,0.0,57.2,206.1
1783,2001.0,8.0,22.7,12.9,0.0,92.0,184.1
1784,2001.0,9.0,17.9,10.5,0.0,35.0,123.0
1785,2001.0,10.0,17.0,11.1,0.0,92.4,100.9
1786,2001.0,11.0,11.2,3.9,5.0,38.5,86.9
1787,2001.0,12.0,6.8,0.2,17.0,29.5,79.2
1788,2002.0,1.0,9.2,3.4,5.0,57.4,44.4
1789,2002.0,2.0,11.1,4.4,3.0,70.9,80.5
1790,2002.0,3.0,12.4,4.6,3.0,33.0,101.1
1791,2002.0,4.0,15.2,5.2,0.0,43.0,210.0
1792,2002.0,5.0,16.8,8.4,0.0,58.3,177.5
1793,2002.0,6.0,20.0,10.3,0.0,42.4,163.3
1794,2002.0,7.0,22.1,12.0,0.0,89.6,178.8
1795,2002.0,8.0,22.8,12.9,0.0,53.2,166.2
1796,2002.0,9.0,19.7,10.0,0.0,24.8,167.1
1797,2002.0,10.0,14.8,7.1,1.0,109.4,104.8
1798,2002.0,11.0,11.8,6.4,0.0,133.4,52.3
1799,2002.0,12.0,8.9,4.1,4.0,98.1,41.3
1800,2003.0,1.0,7.6,1.8,11.0,81.4,87.7
1801,2003.0,2.0,8.4,0.6,15.0,17.3,94.4
1802,2003.0,3.0,13.3,2.7,8.0,25.2,154.8
1803,2003.0,4.0,15.3,4.6,5.0,36.8,169.8
1804,2003.0,5.0,17.5,8.1,0.0,48.1,191.2
1805,2003.0,6.0,22.4,11.8,0.0,55.5,213.6
1806,2003.0,7.0,23.7,13.4,0.0,53.8,192.0
1807,2003.0,8.0,25.5,13.5,0.0,3.0,228.4
1808,2003.0,9.0,21.3,8.1,0.0,17.4,175.3
1809,2003.0,10.0,14.0,3.9,5.0,31.7,134.8
1810,2003.0,11.0,12.0,5.7,1.0,89.6,78.9
1811,2003.0,12.0,8.7,1.8,10.0,70.7,53.6
1812,2004.0,1.0,8.8,2.7,9.0,66.1,62.7
1813,2004.0,2.0,8.7,2.9,11.0,25.5,79.1
1814,2004.0,3.0,10.9,3.4,2.0,51.8,101.5
1815,2004.0,4.0,14.7,6.2,0.0,68.8,150.3
1816,2004.0,5.0,18.0,8.6,0.0,41.1,195.5
1817,2004.0,6.0,21.8,12.0,0.0,23.8,223.6
1818,2004.0,7.0,22.0,12.2,0.0,83.1,169.5
1819,2004.0,8.0,23.4,14.2,0.0,135.0,194.1
1820,2004.0,9.0,20.1,11.7,0.0,28.9,174.4
1821,2004.0,10.0,14.7,8.6,0.0,131.4,102.4
1822,2004.0,11.0,10.9,5.8,1.0,34.2,52.4
1823,2004.0,12.0,8.6,2.8,6.0,37.7,58.3
1824,2005.0,1.0,9.4,3.8,2.0,18.2,65.4
1825,2005.0,2.0,7.3,2.1,10.0,20.0,66.3
1826,2005.0,3.0,11.2,4.7,6.0,44.5,79.3
1827,2005.0,4.0,14.3,5.7,1.0,50.2,136.3
1828,2005.0,5.0,17.2,7.6,0.0,31.5,226.4
1829,2005.0,6.0,21.6,12.0,0.0,93.4,177.6
1830,2005.0,7.0,22.3,13.4,0.0,34.9,192.0
1831,2005.0,8.0,23.1,12.2,0.0,31.3,235.7
1832,2005.0,9.0,20.9,11.9,0.0,38.5,155.4
1833,2005.0,10.0,17.1,10.9,0.0,53.4,92.0
1834,2005.0,11.0,9.9,3.1,11.0,38.6,88.0
1835,2005.0,12.0,7.7,1.8,11.0,50.2,55.7
1836,2006.0,1.0,7.2,2.2,8.0,16.6,54.9
1837,2006.0,2.0,6.6,0.8,12.0,33.0,73.1
1838,2006.0,3.0,9.2,2.0,10.0,59.3,95.5
1839,2006.0,4.0,13.9,5.4,2.0,36.3,152.5
1840,2006.0,5.0,17.6,9.0,0.0,104.7,165.7
1841,2006.0,6.0,23.1,11.7,0.0,5.3,246.2
1842,2006.0,7.0,27.1,14.9,0.0,87.3,303.7
1843,2006.0,8.0,21.8,13.1,0.0,58.7,167.2
1844,2006.0,9.0,22.1,13.5,0.0,90.8,156.5
1845,2006.0,10.0,17.2,10.6,0.0,118.0,109.0
1846,2006.0,11.0,12.1,5.1,4.0,86.4,101.2
1847,2006.0,12.0,9.4,4.3,6.0,68.7,42.7
1848,2007.0,1.0,10.4,4.8,4.0,73.3,79.8
1849,2007.0,2.0,9.7,3.7,7.0,81.0,67.6
1850,2007.0,3.0,12.0,3.7,2.0,36.9,165.4
1851,2007.0,4.0,17.8,5.6,0.0,1.8,210.7
1852,2007.0,5.0,17.5,7.1,0.0,135.2,165.5
1853,2007.0,6.0,20.5,11.3,0.0,78.8,149.0
1854,2007.0,7.0,20.6,12.2,0.0,105.5,195.1
1855,2007.0,8.0,21.7,12.0,0.0,38.2,209.2
1856,2007.0,9.0,19.2,10.3,0.0,17.7,142.6
1857,2007.0,10.0,15.1,7.9,0.0,68.9,102.5
1858,2007.0,11.0,11.3,4.3,4.0,56.0,86.9
1859,2007.0,12.0,8.3,2.4,11.0,60.6,57.2
1860,2008.0,1.0,10.3,4.7,0.0,81.6,62.4
1861,2008.0,2.0,10.5,1.7,11.0,16.9,124.1
1862,2008.0,3.0,10.6,3.5,2.0,90.3,115.2
1863,2008.0,4.0,13.1,4.7,3.0,46.9,161.2
1864,2008.0,5.0,18.7,9.5,0.0,106.6,173.2
1865,2008.0,6.0,20.1,11.1,0.0,67.3,223.8
1866,2008.0,7.0,22.0,12.8,0.0,90.0,198.5
1867,2008.0,8.0,20.8,13.9,0.0,77.0,141.8
1868,2008.0,9.0,17.8,10.2,0.0,73.5,113.5
1869,2008.0,10.0,14.6,5.7,1.0,39.3,132.2
1870,2008.0,11.0,10.1,4.8,3.0,94.2,67.0
1871,2008.0,12.0,6.9,1.3,11.0,37.3,73.5
1872,2009.0,1.0,6.3,0.2,16.0,47.8,69.3
1873,2009.0,2.0,7.9,2.0,10.0,54.5,64.5
1874,2009.0,3.0,12.4,3.2,3.0,20.2,161.4
1875,2009.0,4.0,15.6,6.1,0.0,36.0,168.4
1876,2009.0,5.0,18.2,8.3,0.0,44.8,226.1
1877,2009.0,6.0,22.0,10.7,0.0,49.3,203.3
1878,2009.0,7.0,22.4,13.1,0.0,72.8,212.3
1879,2009.0,8.0,22.7,13.3,0.0,46.6,190.6
1880,2009.0,9.0,20.2,10.6,0.0,9.0,163.7
1881,2009.0,10.0,16.2,8.4,0.0,44.4,109.7
1882,2009.0,11.0,12.5,7.0,0.0,105.2,73.5
1883,2009.0,12.0,6.8,0.8,12.0,89.9,61.5
1884,2010.0,1.0,4.7,-1.0,17.0,56.4,68.2
1885,2010.0,2.0,7.1,1.3,7.0,79.8,59.3
1886,2010.0,3.0,11.3,3.2,8.0,47.6,130.2
1887,2010.0,4.0,15.8,4.9,0.0,25.5,209.5
1888,2010.0,5.0,17.6,7.3,0.0,28.6,207.4
1889,2010.0,6.0,23.0,11.1,0.0,34.5,230.5
1890,2010.0,7.0,23.9,14.2,0.0,17.9,181.0
1891,2010.0,8.0,21.4,12.1,0.0,146.2,141.7
1892,2010.0,9.0,18.8,10.3,0.0,52.5,123.1
1893,2010.0,10.0,14.5,7.4,2.0,43.4,123.5
1894,2010.0,11.0,8.2,2.9,10.0,38.6,53.6
1895,2010.0,12.0,2.7,-2.2,25.0,32.7,25.8
1896,2011.0,1.0,7.0,1.9,12.0,58.8,49.3
1897,2011.0,2.0,10.4,4.4,1.0,49.3,34.2
1898,2011.0,3.0,12.4,3.2,5.0,9.3,141.5
1899,2011.0,4.0,19.4,7.3,0.0,0.5,211.4
1900,2011.0,5.0,18.9,8.4,0.0,42.5,208.7
1901,2011.0,6.0,19.3,10.2,0.0,54.1,188.5
1902,2011.0,7.0,21.4,10.2,0.0,43.1,179.4
1903,2011.0,8.0,20.7,11.4,0.0,65.6,157.8
1904,2011.0,9.0,20.7,10.7,0.0,31.8,151.7
1905,2011.0,10.0,17.2,9.5,0.0,26.3,130.6
1906,2011.0,11.0,13.5,6.3,1.0,28.4,64.8
1907,2011.0,12.0,9.3,3.1,4.0,71.2,62.6
1908,2012.0,1.0,9.8,3.6,6.0,34.6,85.7
1909,2012.0,2.0,7.3,1.2,12.0,21.3,71.7
1910,2012.0,3.0,14.0,3.6,2.0,24.3,164.3
1911,2012.0,4.0,12.6,4.6,2.0,143.0,135.1
1912,2012.0,5.0,17.7,9.7,0.0,55.5,185.6
1913,2012.0,6.0,18.9,11.6,0.0,151.7,128.3
1914,2012.0,7.0,20.5,12.6,0.0,100.0,178.2
1915,2012.0,8.0,21.8,13.6,0.0,85.6,168.4
1916,2012.0,9.0,18.4,9.2,0.0,57.6,173.2
1917,2012.0,10.0,13.4,7.1,0.0,124.2,85.5
1918,2012.0,11.0,10.1,4.2,1.0,83.3,74.0
1919,2012.0,12.0,8.6,2.6,9.0,103.3,61.7
1920,2013.0,1.0,6.4,1.9,14.0,58.5,47.8
1921,2013.0,2.0,6.2,0.9,5.0,47.4,72.3
1922,2013.0,3.0,6.3,0.2,16.0,76.6,60.7
1923,2013.0,4.0,12.9,3.9,6.0,24.8,177.0
1924,2013.0,5.0,15.9,6.7,0.0,66.2,193.6
1925,2013.0,6.0,19.3,10.2,0.0,17.3,181.3
1926,2013.0,7.0,25.5,13.9,0.0,45.7,297.3
1927,2013.0,8.0,23.1,13.1,0.0,19.3,205.9
1928,2013.0,9.0,19.0,9.9,0.0,40.6,123.1
1929,2013.0,10.0,16.3,9.9,0.0,86.5,101.8
1930,2013.0,11.0,9.9,3.8,2.0,55.2,85.7
1931,2013.0,12.0,10.0,3.6,0.0,97.7,63.6
1932,2014.0,1.0,9.3,3.5,3.0,146.9,77.7
1933,2014.0,2.0,9.7,4.2,0.0,90.1,97.4
1934,2014.0,3.0,12.8,3.5,2.0,39.2,135.6
1935,2014.0,4.0,15.0,6.4,0.0,50.2,149.5
1936,2014.0,5.0,17.1,8.9,0.0,90.3,185.7
1937,2014.0,6.0,21.5,11.8,0.0,36.9,236.3
1938,2014.0,7.0,24.9,13.5,0.0,45.5,264.6
1939,2014.0,8.0,20.8,11.7,0.0,85.6,190.5
1940,2014.0,9.0,21.1,11.4,0.0,4.1,143.7
1941,2014.0,10.0,16.8,9.9,0.0,65.6,116.9
1942,2014.0,11.0,11.5,5.7,2.0,98.6,60.9
1943,2014.0,12.0,8.7,2.4,9.0,44.0,96.9
1944,2015.0,1.0,8.4,1.6,10.0,53.6,81.0
1945,2015.0,2.0,7.5,1.0,10.0,46.2,80.8
1946,2015.0,3.0,11.4,3.3,1.0,25.6,122.9
1947,2015.0,4.0,15.9,4.5,0.0,22.5,214.1
1948,2015.0,5.0,16.8,7.7,0.0,55.6,183.3
1949,2015.0,6.0,21.1,10.2,0.0,28.9,242.9
1950,2015.0,7.0,22.6,12.5,0.0,47.8,201.0
1951,2015.0,8.0,21.3,13.0,0.0,57.2,135.3
1952,2015.0,9.0,18.4,8.9,0.0,36.8,164.3
1953,2015.0,10.0,15.1,7.9,0.0,45.0,84.1
1954,2015.0,11.0,13.1,7.3,2.0,65.3,33.8
1955,2015.0,12.0,13.4,8.3,0.0,62.9,38.3
1956,2016.0,1.0,9.4,3.0,5.0,83.9,59.1
1957,2016.0,2.0,9.1,2.7,6.0,47.6,112.9
1958,2016.0,3.0,10.2,2.2,4.0,74.2,123.8
1959,2016.0,4.0,12.9,4.0,1.0,53.1,163.7
1960,2016.0,5.0,18.4,8.7,0.0,86.1,202.9
1961,2016.0,6.0,20.0,11.9,0.0,95.7,100.4
1962,2016.0,7.0,23.3,13.8,0.0,3.4,227.6
1963,2016.0,8.0,23.5,13.6,0.0,41.2,204.5
1964,2016.0,9.0,20.9,13.0,0.0,44.6,113.2
1965,2016.0,10.0,15.1,7.3,0.0,26.5,112.2
1966,2016.0,11.0,9.4,3.3,3.0,76.1,88.3
1967,2016.0,12.0,9.6,3.0,10.0,25.8,62.3
1968,2017.0,1.0,7.3,0.8,16.0,62.8,64.6
1969,2017.0,2.0,9.5,4.0,1.0,42.8,58.4
1970,2017.0,3.0,13.7,5.8,0.0,43.1,115.6
1971,2017.0,4.0,15.1,4.7,0.0,5.4,174.6
1972,2017.0,5.0,19.0,9.4,0.0,63.6,169.4
1973,2017.0,6.0,22.7,12.9,0.0,29.7,213.3
1974,2017.0,7.0,23.3,13.9,0.0,62.3,179.2
1975,2017.0,8.0,21.4,12.6,0.0,62.8,176.1
1976,2017.0,9.0,18.5,10.4,0.0,64.6,119.4
1977,2017.0,10.0,16.1,9.7,0.0,17.1,97.7
1978,2017.0,11.0,10.7,3.8,3.0,48.4,99.6
1979,2017.0,12.0,8.3,2.6,10.0,74.2,55.5
1980,2018.0,1.0,8.9,3.0,4.0,59.1,67.7
1981,2018.0,2.0,6.4,0.3,14.0,24.1,117.6
1982,2018.0,3.0,9.1,2.5,6.0,87.4,79.0
1983,2018.0,4.0,14.2,7.5,0.0,52.8,121.5
1984,2018.0,5.0,19.9,8.6,0.0,80.8,234.1
1985,2018.0,6.0,22.8,11.6,0.0,2.5,252.2
1986,2018.0,7.0,27.4,14.2,0.0,23.2,280.9
1987,2018.0,8.0,23.4,13.2,0.0,43.2,198.6
1988,2018.0,9.0,20.4,10.0,0.0,30.3,169.8
1989,2018.0,10.0,15.6,7.3,2.0,50.1,117.3
1990,2018.0,11.0,11.7,5.5,2.0,61.9,82.7
1991,2018.0,12.0,10.2,4.7,3.0,71.8,53.8
1992,2019.0,1.0,7.2,1.0,16.0,28.6,50.0
1993,2019.0,2.0,11.8,2.3,8.0,36.0,127.8
1994,2019.0,3.0,12.7,5.1,0.0,37.7,128.3
1995,2019.0,4.0,15.1,4.3,5.0,21.7,158.2
1996,2019.0,5.0,18.0,7.2,0.0,21.3,203.6
1997,2019.0,6.0,20.4,10.7,0.0,99.5,165.4
1998,2019.0,7.0,24.5,13.7,0.0,42.9,212.4
1999,2019.0,8.0,23.9,13.2,0.0,46.9,215.4
2000,2019.0,9.0,20.6,10.4,0.0,77.9,176.5
2001,2019.0,10.0,14.5,7.3,0.0,119.9,83.7
2002,2019.0,11.0,9.6,4.1,3.0,105.6,55.3
2003,2019.0,12.0,9.4,3.6,5.0,88.1,72.7
2004,2020.0,1.0,9.6,4.5,3.0,50.0,71.5
2005,2020.0,2.0,10.5,3.6,3.0,94.6,88.8
2006,2020.0,3.0,11.4,3.0,4.0,39.9,158.7
2007,2020.0,4.0,17.8,5.4,1.0,42.9,232.2
2008,2020.0,5.0,20.4,7.6,1.0,3.5,322.8
2009,2020.0,6.0,21.6,11.6,0.0,67.1,206.1
2010,2020.0,7.0,22.5,12.7,0.0,55.2,201.7
2011,2020.0,8.0,23.5,14.5,0.0,113.7,172.1
2012,2020.0,9.0,20.0,10.2,0.0,26.6,174.7
2013,2020.0,10.0,14.2,8.3,0.0,185.3,72.4
2014,2020.0,11.0,11.9,6.0,5.0,35.4,62.4
2015,2020.0,12.0,8.0,3.1,7.0,99.4,60.7
2016,2021.0,1.0,6.6,1.3,13.0,114.6,41.8
2017,2021.0,2.0,8.9,2.6,8.0,55.2,73.7
2018,2021.0,3.0,11.6,3.9,1.0,29.5,105.8
2019,2021.0,4.0,12.5,1.6,8.0,27.1,213.3
2020,2021.0,5.0,15.7,6.6,0.0,94.5,159.4
2021,2021.0,6.0,21.4,12.2,0.0,68.4,181.8
2022,2021.0,7.0,23.7,14.2,0.0,67.7,210.4
2023,2021.0,8.0,21.0,13.0,0.0,34.8,143.3
2024,2021.0,9.0,21.6,12.1,0.0,43.6,148.8
2025,2021.0,10.0,16.2,9.7,0.0,92.2,104.5
2026,2021.0,11.0,10.9,4.3,4.0,18.2,73.0
2027,2021.0,12.0,9.8,4.9,2.0,67.1,33.4
2028,2022.0,1.0,8.4,1.4,12.0,19.9,86.5
2029,2022.0,2.0,11.1,4.1,0.0,62.7,99.1
2030,2022.0,3.0,12.7,4.0,2.0,40.9,154.3
2031,2022.0,4.0,15.3,4.7,3.0,13.8,182.7
2032,2022.0,5.0,19.0,9.7,0.0,41.9,202.0
2033,2022.0,6.0,21.7,11.0,0.0,50.2,256.8
2034,2022.0,7.0,25.9,13.8,0.0,7.1,228.9
2035,2022.0,8.0,26.4,14.3,0.0,4.3,247.4
2036,2022.0,9.0,20.3,11.2,0.0,55.2,128.8
2037,2022.0,10.0,17.9,9.7,0.0,78.7,160.0
2038,2022.0,11.0,12.8,7.6,0.0,106.6,84.4
2039,2022.0,12.0,7.2,0.8,12.0,66.8,61.3
2040,2023.0,1.0,8.5,2.6,8.0,57.2,91.6
2041,2023.0,2.0,10.4,3.0,9.0,7.6,91.2
2042,2023.0,3.0,10.9,4.7,3.0,133.9,71.9
2043,2023.0,4.0,13.7,5.0,1.0,65.9,157.1
2044,2023.0,5.0,18.2,8.4,0.0,51.2,228.2
2045,2023.0,6.0,23.6,12.2,0.0,41.6,242.2
2046,2023.0,7.0,21.3,13.0,0.0,100.3,183.8
2047,2023.0,8.0,21.9,13.1,0.0,65.1,195.9
2048,2023.0,9.0,22.6,13.2,0.0,72.9,154.0
2049,2023.0,10.0,17.0,9.7,0.0,137.8,107.5
2050,2023.0,11.0,11.1,4.9,3.0,78.5,88.5
2051,2023.0,12.0,10.2,5.2,5.0,117.2,21.9
2052,2024.0,1.0,8.0,2.6,6.0,76.3,79.7
2053,2024.0,2.0,11.6,5.4,2.0,111.9,57.3
2054,2024.0,3.0,12.5,5.7,2.0,68.9,107.1
2055,2024.0,4.0,14.3,6.2,0.0,57.2,137.2
2056,2024.0,5.0,19.0,9.9,0.0,69.9,200.0
